level,grade_band,residence_area,school,n
ES,,Dunlap,Dunlap,195
ES,,Dunlap,South Shore PK-8,65
ES,,Dunlap,Orca K-8,14
ES,,Dunlap,Rising Star,8
ES,,Dunlap,Thurgood Marshall,7
ES,,Dunlap,Emerson,6
ES,,Dunlap,Wing Luke,6
ES,,Dunlap,Martin Luther King,5
ES,,Dunlap,Dearborn Park Intl,4
ES,,Dunlap,Maple,3
ES,,Dunlap,Cascade Parent Partnership,2
ES,,Dunlap,Rainier View,2
ES,,Dunlap,STEM K-8,2
ES,,Dunlap,Cascade Virtual Option K-12,1
ES,,Dunlap,Hawthorne,1
ES,,Dunlap,John Muir,1
ES,,Dunlap,Non Public Agencies,1
ES,,Dunlap,TOPS K-8,1
ES,,Emerson,Emerson,340
ES,,Emerson,South Shore PK-8,107
ES,,Emerson,Graham Hill,12
ES,,Emerson,Orca K-8,11
ES,,Emerson,Wing Luke,11
ES,,Emerson,Dearborn Park Intl,10
ES,,Emerson,Rising Star,8
ES,,Emerson,Thurgood Marshall,7
ES,,Emerson,Dunlap,5
ES,,Emerson,Maple,5
ES,,Emerson,Martin Luther King,4
ES,,Emerson,Hawthorne,3
ES,,Emerson,Leschi,3
ES,,Emerson,Rainier View,3
ES,,Emerson,Arbor Heights,2
ES,,Emerson,Bailey Gatzert,2
ES,,Emerson,Queen Anne,2
ES,,Emerson,STEM K-8,2
ES,,Emerson,TOPS K-8,2
ES,,Emerson,Genesee Hill,1
ES,,Emerson,Lowell,1
ES,,Emerson,Non Public Agencies,1
ES,,Emerson,Pathfinder K-8,1
ES,,Graham Hill,Graham Hill,208
ES,,Graham Hill,Orca K-8,19
ES,,Graham Hill,South Shore PK-8,14
ES,,Graham Hill,Martin Luther King,10
ES,,Graham Hill,Cascade Virtual Option K-12,3
ES,,Graham Hill,Emerson,3
ES,,Graham Hill,Stevens,3
ES,,Graham Hill,Thurgood Marshall,3
ES,,Graham Hill,Hawthorne,2
ES,,Graham Hill,Kimball,2
ES,,Graham Hill,McGilvra,2
ES,,Graham Hill,Olympic Hills,2
ES,,Graham Hill,Rising Star,2
ES,,Graham Hill,TOPS K-8,2
ES,,Graham Hill,Beacon Hill Intl,1
ES,,Graham Hill,Dunlap,1
ES,,Graham Hill,John Hay,1
ES,,Graham Hill,Non Public Agencies,1
ES,,Hawthorne,Hawthorne,375
ES,,Hawthorne,Orca K-8,81
ES,,Hawthorne,Thurgood Marshall,21
ES,,Hawthorne,Dearborn Park Intl,11
ES,,Hawthorne,Graham Hill,11
ES,,Hawthorne,South Shore PK-8,7
ES,,Hawthorne,TOPS K-8,6
ES,,Hawthorne,Kimball,4
ES,,Hawthorne,Beacon Hill Intl,3
ES,,Hawthorne,Maple,3
ES,,Hawthorne,Rising Star,3
ES,,Hawthorne,Dunlap,2
ES,,Hawthorne,Exp. Ed. Unit,2
ES,,Hawthorne,John Muir,2
ES,,Hawthorne,John Stanford Intl,2
ES,,Hawthorne,Stevens,2
ES,,Hawthorne,Viewlands,2
ES,,Hawthorne,Cascade Parent Partnership,1
ES,,Hawthorne,Concord Intl,1
ES,,Hawthorne,Highland Park,1
ES,,Hawthorne,John Hay,1
ES,,Hawthorne,Madrona,1
ES,,Hawthorne,Martin Luther King,1
ES,,Hawthorne,STEM K-8,1
ES,,Martin Luther King Jr.,Martin Luther King,212
ES,,Martin Luther King Jr.,South Shore PK-8,21
ES,,Martin Luther King Jr.,Orca K-8,17
ES,,Martin Luther King Jr.,Graham Hill,9
ES,,Martin Luther King Jr.,Rising Star,9
ES,,Martin Luther King Jr.,Kimball,7
ES,,Martin Luther King Jr.,Thurgood Marshall,6
ES,,Martin Luther King Jr.,Dunlap,4
ES,,Martin Luther King Jr.,Cascade Parent Partnership,2
ES,,Martin Luther King Jr.,Emerson,2
ES,,Martin Luther King Jr.,Maple,2
ES,,Martin Luther King Jr.,Bailey Gatzert,1
ES,,Martin Luther King Jr.,Beacon Hill Intl,1
ES,,Martin Luther King Jr.,Dearborn Park Intl,1
ES,,Martin Luther King Jr.,Hawthorne,1
ES,,Martin Luther King Jr.,Lowell,1
ES,,Martin Luther King Jr.,TOPS K-8,1
ES,,Martin Luther King Jr.,Wing Luke,1
ES,,Rainier View,Rainier View,153
ES,,Rainier View,South Shore PK-8,38
ES,,Rainier View,Emerson,10
ES,,Rainier View,Orca K-8,10
ES,,Rainier View,Rising Star,7
ES,,Rainier View,Wing Luke,7
ES,,Rainier View,Maple,5
ES,,Rainier View,Dearborn Park Intl,4
ES,,Rainier View,Thurgood Marshall,4
ES,,Rainier View,Concord Intl,2
ES,,Rainier View,Graham Hill,2
ES,,Rainier View,Martin Luther King,2
ES,,Rainier View,Priv/Paroch Sped,2
ES,,Rainier View,Cascade Parent Partnership,1
ES,,Rainier View,TOPS K-8,1
ES,,Wing Luke,Wing Luke,229
ES,,Wing Luke,South Shore PK-8,19
ES,,Wing Luke,Rising Star,18
ES,,Wing Luke,Emerson,8
ES,,Wing Luke,Thurgood Marshall,8
ES,,Wing Luke,Graham Hill,4
ES,,Wing Luke,John Muir,3
ES,,Wing Luke,Martin Luther King,3
ES,,Wing Luke,Beacon Hill Intl,2
ES,,Wing Luke,Genesee Hill,2
ES,,Wing Luke,Lowell,2
ES,,Wing Luke,Loyal Heights,2
ES,,Wing Luke,Bailey Gatzert,1
ES,,Wing Luke,Cascade Virtual Option K-12,1
ES,,Wing Luke,Dunlap,1
ES,,Wing Luke,Kimball,1
ES,,Wing Luke,Lawton,1
ES,,Wing Luke,Maple,1
ES,,Wing Luke,McDonald Intl,1
ES,,Wing Luke,Montlake,1
ES,,Wing Luke,Orca K-8,1
ES,,Wing Luke,TOPS K-8,1
ES,,Wing Luke,Wedgwood,1
ES,,Arbor Heights,Arbor Heights,436
ES,,Arbor Heights,Pathfinder K-8,20
ES,,Arbor Heights,STEM K-8,12
ES,,Arbor Heights,Gatewood,6
ES,,Arbor Heights,Genesee Hill,5
ES,,Arbor Heights,Cascade Parent Partnership,4
ES,,Arbor Heights,Alki,3
ES,,Arbor Heights,Lafayette,3
ES,,Arbor Heights,Concord Intl,1
ES,,Arbor Heights,Non Public Agencies,1
ES,,Arbor Heights,Orca K-8,1
ES,,Arbor Heights,West Seattle ES,1
ES,,Concord Intl,Concord Intl,203
ES,,Concord Intl,STEM K-8,15
ES,,Concord Intl,Pathfinder K-8,12
ES,,Concord Intl,Arbor Heights,9
ES,,Concord Intl,Highland Park,6
ES,,Concord Intl,Sanislo,6
ES,,Concord Intl,West Seattle ES,6
ES,,Concord Intl,Gatewood,3
ES,,Concord Intl,South Shore PK-8,2
ES,,Concord Intl,Dearborn Park Intl,1
ES,,Concord Intl,Fairmount Park,1
ES,,Concord Intl,Genesee Hill,1
ES,,Concord Intl,Martin Luther King,1
ES,,Concord Intl,Non Public Agencies,1
ES,,Concord Intl,Roxhill,1
ES,,Concord Intl,Thurgood Marshall,1
ES,,Concord Intl,Wing Luke,1
ES,,Highland Park,Highland Park,237
ES,,Highland Park,STEM K-8,24
ES,,Highland Park,Pathfinder K-8,12
ES,,Highland Park,Concord Intl,9
ES,,Highland Park,Roxhill,9
ES,,Highland Park,Cascade Parent Partnership,5
ES,,Highland Park,West Seattle ES,5
ES,,Highland Park,Arbor Heights,2
ES,,Highland Park,Sanislo,2
ES,,Highland Park,Alki,1
ES,,Highland Park,Cascade Virtual Option K-12,1
ES,,Highland Park,Genesee Hill,1
ES,,Highland Park,Martin Luther King,1
ES,,Highland Park,Priv/Paroch Sped,1
ES,,Highland Park,Thurgood Marshall,1
ES,,Roxhill,Roxhill,233
ES,,Roxhill,STEM K-8,38
ES,,Roxhill,Pathfinder K-8,16
ES,,Roxhill,Concord Intl,8
ES,,Roxhill,West Seattle ES,7
ES,,Roxhill,Gatewood,6
ES,,Roxhill,Thurgood Marshall,6
ES,,Roxhill,Beacon Hill Intl,5
ES,,Roxhill,Highland Park,4
ES,,Roxhill,Sanislo,4
ES,,Roxhill,Hazel Wolf K-8,3
ES,,Roxhill,Cascade Parent Partnership,2
ES,,Roxhill,Fairmount Park,2
ES,,Roxhill,Lafayette,2
ES,,Roxhill,McDonald Intl,2
ES,,Roxhill,Non Public Agencies,2
ES,,Roxhill,Exp. Ed. Unit,1
ES,,Roxhill,Genesee Hill,1
ES,,Roxhill,Graham Hill,1
ES,,Roxhill,Martin Luther King,1
ES,,Roxhill,Priv/Paroch Sped,1
ES,,Roxhill,Rising Star,1
ES,,Roxhill,TOPS K-8,1
ES,,Sanislo,Sanislo,116
ES,,Sanislo,STEM K-8,60
ES,,Sanislo,Pathfinder K-8,27
ES,,Sanislo,Highland Park,10
ES,,Sanislo,West Seattle ES,9
ES,,Sanislo,Arbor Heights,5
ES,,Sanislo,South Shore PK-8,3
ES,,Sanislo,Bailey Gatzert,2
ES,,Sanislo,Concord Intl,2
ES,,Sanislo,Fairmount Park,2
ES,,Sanislo,Roxhill,2
ES,,Sanislo,Beacon Hill Intl,1
ES,,Sanislo,Cascade Parent Partnership,1
ES,,Sanislo,Thurgood Marshall,1
ES,,Sanislo,TOPS K-8,1
ES,,West Seattle Elem.,West Seattle ES,307
ES,,West Seattle Elem.,STEM K-8,76
ES,,West Seattle Elem.,Sanislo,8
ES,,West Seattle Elem.,Pathfinder K-8,7
ES,,West Seattle Elem.,Roxhill,6
ES,,West Seattle Elem.,Fairmount Park,5
ES,,West Seattle Elem.,Thurgood Marshall,5
ES,,West Seattle Elem.,Highland Park,3
ES,,West Seattle Elem.,Lafayette,2
ES,,West Seattle Elem.,Alki,1
ES,,West Seattle Elem.,Arbor Heights,1
ES,,West Seattle Elem.,Bailey Gatzert,1
ES,,West Seattle Elem.,Cascade Virtual Option K-12,1
ES,,West Seattle Elem.,Genesee Hill,1
ES,,West Seattle Elem.,Hazel Wolf K-8,1
ES,,West Seattle Elem.,South Shore PK-8,1
ES,,Bryant,Bryant,452
ES,,Bryant,Decatur,55
ES,,Bryant,Thornton Creek,21
ES,,Bryant,John Stanford Intl,10
ES,,Bryant,Sand Point,8
ES,,Bryant,Laurelhurst,7
ES,,Bryant,McDonald Intl,5
ES,,Bryant,Daniel Bagley,3
ES,,Bryant,Wedgwood,3
ES,,Bryant,Cascade Parent Partnership,2
ES,,Bryant,Cascade Virtual Option K-12,2
ES,,Bryant,Green Lake,2
ES,,Bryant,Hazel Wolf K-8,2
ES,,Bryant,Sacajawea,2
ES,,Bryant,Adams,1
ES,,Bryant,Broadview-Thomson K-8,1
ES,,Bryant,Cascadia,1
ES,,Bryant,Non Public Agencies,1
ES,,Bryant,TOPS K-8,1
ES,,Green Lake,Green Lake,345
ES,,Green Lake,McDonald Intl,251
ES,,Green Lake,John Stanford Intl,156
ES,,Green Lake,Cascadia,49
ES,,Green Lake,Hazel Wolf K-8,20
ES,,Green Lake,Thornton Creek,19
ES,,Green Lake,Daniel Bagley,7
ES,,Green Lake,B.F. Day,5
ES,,Green Lake,TOPS K-8,5
ES,,Green Lake,West Woodland,4
ES,,Green Lake,Cascade Parent Partnership,3
ES,,Green Lake,Laurelhurst,3
ES,,Green Lake,Salmon Bay K-8,3
ES,,Green Lake,Wedgwood,3
ES,,Green Lake,Lowell,2
ES,,Green Lake,Non Public Agencies,2
ES,,Green Lake,Olympic Hills,2
ES,,Green Lake,Olympic View,2
ES,,Green Lake,Sacajawea,2
ES,,Green Lake,Sand Point,2
ES,,Green Lake,Whittier,2
ES,,Green Lake,Broadview-Thomson K-8,1
ES,,Green Lake,Bryant,1
ES,,Green Lake,Cedar Park,1
ES,,Green Lake,John Rogers,1
ES,,Green Lake,McGilvra,1
ES,,Green Lake,Montlake,1
ES,,Green Lake,Pathfinder K-8,1
ES,,Green Lake,Priv/Paroch Sped,1
ES,,Green Lake,Queen Anne,1
ES,,Green Lake,South Shore PK-8,1
ES,,Green Lake,STEM K-8,1
ES,,Green Lake,View Ridge,1
ES,,Laurelhurst,Laurelhurst,244
ES,,Laurelhurst,Thornton Creek,19
ES,,Laurelhurst,Decatur,16
ES,,Laurelhurst,McDonald Intl,5
ES,,Laurelhurst,John Stanford Intl,4
ES,,Laurelhurst,Hazel Wolf K-8,2
ES,,Laurelhurst,Beacon Hill Intl,1
ES,,Laurelhurst,Bryant,1
ES,,Laurelhurst,Cascade Parent Partnership,1
ES,,Laurelhurst,Green Lake,1
ES,,Laurelhurst,Non Public Agencies,1
ES,,Laurelhurst,Sand Point,1
ES,,Laurelhurst,TOPS K-8,1
ES,,Laurelhurst,Wedgwood,1
ES,,Sand Point,Sand Point,124
ES,,Sand Point,Thornton Creek,32
ES,,Sand Point,Decatur,19
ES,,Sand Point,View Ridge,14
ES,,Sand Point,Laurelhurst,9
ES,,Sand Point,Bryant,6
ES,,Sand Point,Cedar Park,3
ES,,Sand Point,Hazel Wolf K-8,3
ES,,Sand Point,Non Public Agencies,3
ES,,Sand Point,Wing Luke,3
ES,,Sand Point,Cascade Parent Partnership,2
ES,,Sand Point,Cascade Virtual Option K-12,2
ES,,Sand Point,Daniel Bagley,2
ES,,Sand Point,Green Lake,2
ES,,Sand Point,Graham Hill,1
ES,,Sand Point,James Baldwin,1
ES,,Sand Point,John Rogers,1
ES,,Sand Point,John Stanford Intl,1
ES,,Sand Point,Olympic Hills,1
ES,,Sand Point,Olympic View,1
ES,,Sand Point,TOPS K-8,1
ES,,View Ridge,View Ridge,271
ES,,View Ridge,Thornton Creek,142
ES,,View Ridge,Decatur,53
ES,,View Ridge,Wedgwood,10
ES,,View Ridge,Hazel Wolf K-8,7
ES,,View Ridge,John Stanford Intl,7
ES,,View Ridge,Sand Point,6
ES,,View Ridge,Bryant,5
ES,,View Ridge,Cedar Park,3
ES,,View Ridge,McDonald Intl,3
ES,,View Ridge,John Rogers,2
ES,,View Ridge,TOPS K-8,2
ES,,View Ridge,Cascade Parent Partnership,1
ES,,View Ridge,Cascade Virtual Option K-12,1
ES,,View Ridge,James Baldwin,1
ES,,View Ridge,Non Public Agencies,1
ES,,View Ridge,Olympic Hills,1
ES,,View Ridge,Stevens,1
ES,,Wedgwood,Wedgwood,302
ES,,Wedgwood,Thornton Creek,65
ES,,Wedgwood,Decatur,41
ES,,Wedgwood,Hazel Wolf K-8,14
ES,,Wedgwood,Bryant,5
ES,,Wedgwood,John Stanford Intl,5
ES,,Wedgwood,Laurelhurst,5
ES,,Wedgwood,Sacajawea,3
ES,,Wedgwood,Cascadia,2
ES,,Wedgwood,Olympic View,2
ES,,Wedgwood,Cascade Parent Partnership,1
ES,,Wedgwood,Cedar Park,1
ES,,Wedgwood,James Baldwin,1
ES,,Wedgwood,John Rogers,1
ES,,Wedgwood,View Ridge,1
ES,,B.F. Day,B.F. Day,347
ES,,B.F. Day,John Stanford Intl,66
ES,,B.F. Day,Cascadia,39
ES,,B.F. Day,McDonald Intl,15
ES,,B.F. Day,Salmon Bay K-8,10
ES,,B.F. Day,Queen Anne,7
ES,,B.F. Day,West Woodland,6
ES,,B.F. Day,TOPS K-8,3
ES,,B.F. Day,Adams,2
ES,,B.F. Day,Cascade Parent Partnership,2
ES,,B.F. Day,Green Lake,2
ES,,B.F. Day,Broadview-Thomson K-8,1
ES,,B.F. Day,Cedar Park,1
ES,,B.F. Day,Coe,1
ES,,B.F. Day,Daniel Bagley,1
ES,,B.F. Day,Hazel Wolf K-8,1
ES,,B.F. Day,Lawton,1
ES,,B.F. Day,Lowell,1
ES,,B.F. Day,Loyal Heights,1
ES,,B.F. Day,Madrona,1
ES,,B.F. Day,Montlake,1
ES,,B.F. Day,Non Public Agencies,1
ES,,B.F. Day,Wedgwood,1
ES,,B.F. Day,Whittier,1
ES,,West Woodland,West Woodland,330
ES,,West Woodland,Cascadia,30
ES,,West Woodland,Salmon Bay K-8,28
ES,,West Woodland,McDonald Intl,15
ES,,West Woodland,Daniel Bagley,4
ES,,West Woodland,John Stanford Intl,4
ES,,West Woodland,Whittier,3
ES,,West Woodland,Cascade Parent Partnership,2
ES,,West Woodland,Licton Springs K-8,2
ES,,West Woodland,Loyal Heights,2
ES,,West Woodland,Montlake,2
ES,,West Woodland,Bryant,1
ES,,West Woodland,Coe,1
ES,,West Woodland,Exp. Ed. Unit,1
ES,,West Woodland,Non Public Agencies,1
ES,,West Woodland,TOPS K-8,1
ES,,John Rogers,John Rogers,232
ES,,John Rogers,Cedar Park,117
ES,,John Rogers,Hazel Wolf K-8,48
ES,,John Rogers,Thornton Creek,48
ES,,John Rogers,Olympic Hills,30
ES,,John Rogers,Cascadia,22
ES,,John Rogers,John Stanford Intl,14
ES,,John Rogers,Olympic View,9
ES,,John Rogers,Sacajawea,9
ES,,John Rogers,Wedgwood,8
ES,,John Rogers,James Baldwin,6
ES,,John Rogers,McDonald Intl,5
ES,,John Rogers,TOPS K-8,4
ES,,John Rogers,View Ridge,4
ES,,John Rogers,Cascade Virtual Option K-12,3
ES,,John Rogers,Decatur,2
ES,,John Rogers,Laurelhurst,2
ES,,John Rogers,Sanislo,2
ES,,John Rogers,South Shore PK-8,2
ES,,John Rogers,Broadview-Thomson K-8,1
ES,,John Rogers,Cascade Parent Partnership,1
ES,,John Rogers,Daniel Bagley,1
ES,,John Rogers,Priv/Paroch Sped,1
ES,,John Rogers,Salmon Bay K-8,1
ES,,John Rogers,Sand Point,1
ES,,John Rogers,Wing Luke,1
ES,,Olympic Hills,Olympic Hills,374
ES,,Olympic Hills,Cedar Park,60
ES,,Olympic Hills,Hazel Wolf K-8,39
ES,,Olympic Hills,Cascadia,20
ES,,Olympic Hills,John Stanford Intl,5
ES,,Olympic Hills,Sacajawea,5
ES,,Olympic Hills,Thornton Creek,4
ES,,Olympic Hills,Cascade Parent Partnership,3
ES,,Olympic Hills,Cascade Virtual Option K-12,3
ES,,Olympic Hills,McDonald Intl,3
ES,,Olympic Hills,Olympic View,3
ES,,Olympic Hills,Broadview-Thomson K-8,2
ES,,Olympic Hills,James Baldwin,2
ES,,Olympic Hills,John Rogers,2
ES,,Olympic Hills,Daniel Bagley,1
ES,,Olympic Hills,Decatur,1
ES,,Olympic Hills,Greenwood,1
ES,,Olympic Hills,South Shore PK-8,1
ES,,Olympic Hills,TOPS K-8,1
ES,,Olympic View,Olympic View,307
ES,,Olympic View,Hazel Wolf K-8,114
ES,,Olympic View,Sacajawea,19
ES,,Olympic View,Cascadia,18
ES,,Olympic View,McDonald Intl,17
ES,,Olympic View,John Stanford Intl,10
ES,,Olympic View,Cedar Park,8
ES,,Olympic View,James Baldwin,8
ES,,Olympic View,Thornton Creek,6
ES,,Olympic View,Cascade Parent Partnership,4
ES,,Olympic View,John Rogers,4
ES,,Olympic View,Olympic Hills,4
ES,,Olympic View,Broadview-Thomson K-8,2
ES,,Olympic View,TOPS K-8,2
ES,,Olympic View,Cascade Virtual Option K-12,1
ES,,Olympic View,Daniel Bagley,1
ES,,Olympic View,Green Lake,1
ES,,Olympic View,Kimball,1
ES,,Olympic View,Lawton,1
ES,,Olympic View,Lowell,1
ES,,Olympic View,Loyal Heights,1
ES,,Olympic View,Priv/Paroch Sped,1
ES,,Olympic View,Sand Point,1
ES,,Olympic View,Wedgwood,1
ES,,Sacajawea,Sacajawea,154
ES,,Sacajawea,Hazel Wolf K-8,110
ES,,Sacajawea,Cascadia,20
ES,,Sacajawea,Cedar Park,17
ES,,Sacajawea,McDonald Intl,12
ES,,Sacajawea,Olympic View,11
ES,,Sacajawea,Olympic Hills,7
ES,,Sacajawea,Thornton Creek,6
ES,,Sacajawea,Wedgwood,3
ES,,Sacajawea,John Stanford Intl,2
ES,,Sacajawea,TOPS K-8,2
ES,,Sacajawea,Bailey Gatzert,1
ES,,Sacajawea,Daniel Bagley,1
ES,,Sacajawea,Non Public Agencies,1
ES,,Sacajawea,View Ridge,1
ES,,Alki,Alki,250
ES,,Alki,Genesee Hill,10
ES,,Alki,Pathfinder K-8,9
ES,,Alki,Lafayette,7
ES,,Alki,Dearborn Park Intl,3
ES,,Alki,Fairmount Park,2
ES,,Alki,Thurgood Marshall,2
ES,,Alki,West Seattle ES,2
ES,,Alki,Arbor Heights,1
ES,,Alki,Beacon Hill Intl,1
ES,,Alki,Cascade Parent Partnership,1
ES,,Alki,John Stanford Intl,1
ES,,Alki,Lowell,1
ES,,Alki,Madrona,1
ES,,Alki,STEM K-8,1
ES,,Fairmount Park,Fairmount Park,309
ES,,Fairmount Park,Pathfinder K-8,30
ES,,Fairmount Park,STEM K-8,30
ES,,Fairmount Park,Genesee Hill,16
ES,,Fairmount Park,Thurgood Marshall,9
ES,,Fairmount Park,Gatewood,6
ES,,Fairmount Park,Cascade Parent Partnership,5
ES,,Fairmount Park,Lafayette,4
ES,,Fairmount Park,Highland Park,3
ES,,Fairmount Park,West Seattle ES,3
ES,,Fairmount Park,Concord Intl,2
ES,,Fairmount Park,Arbor Heights,1
ES,,Fairmount Park,John Muir,1
ES,,Fairmount Park,Lowell,1
ES,,Fairmount Park,Priv/Paroch Sped,1
ES,,Fairmount Park,Roxhill,1
ES,,Fairmount Park,Sanislo,1
ES,,Gatewood,Gatewood,373
ES,,Gatewood,Pathfinder K-8,16
ES,,Gatewood,Fairmount Park,9
ES,,Gatewood,Arbor Heights,8
ES,,Gatewood,STEM K-8,8
ES,,Gatewood,Genesee Hill,7
ES,,Gatewood,Lafayette,4
ES,,Gatewood,Cascade Parent Partnership,3
ES,,Gatewood,Alki,2
ES,,Gatewood,McDonald Intl,2
ES,,Gatewood,Roxhill,2
ES,,Gatewood,Thurgood Marshall,2
ES,,Gatewood,Concord Intl,1
ES,,Gatewood,Hazel Wolf K-8,1
ES,,Gatewood,John Muir,1
ES,,Gatewood,South Shore PK-8,1
ES,,Genesee Hill,Genesee Hill,389
ES,,Genesee Hill,Lafayette,14
ES,,Genesee Hill,Pathfinder K-8,13
ES,,Genesee Hill,Alki,6
ES,,Genesee Hill,Gatewood,4
ES,,Genesee Hill,STEM K-8,4
ES,,Genesee Hill,Cascade Parent Partnership,3
ES,,Genesee Hill,Priv/Paroch Sped,3
ES,,Genesee Hill,Cascadia,1
ES,,Genesee Hill,Fairmount Park,1
ES,,Genesee Hill,John Stanford Intl,1
ES,,Genesee Hill,Thurgood Marshall,1
ES,,Genesee Hill,West Seattle ES,1
ES,,Lafayette,Lafayette,478
ES,,Lafayette,Pathfinder K-8,86
ES,,Lafayette,Genesee Hill,22
ES,,Lafayette,STEM K-8,7
ES,,Lafayette,Concord Intl,3
ES,,Lafayette,John Stanford Intl,3
ES,,Lafayette,Thurgood Marshall,3
ES,,Lafayette,Arbor Heights,2
ES,,Lafayette,Fairmount Park,2
ES,,Lafayette,Highland Park,2
ES,,Lafayette,Adams,1
ES,,Lafayette,Alki,1
ES,,Lafayette,Beacon Hill Intl,1
ES,,Lafayette,Cascade Parent Partnership,1
ES,,Lafayette,Gatewood,1
ES,,Lafayette,John Muir,1
ES,,Lafayette,Maple,1
ES,,Lafayette,Sanislo,1
ES,K-5,Catharine Blaine K-8,Catharine Blaine K-8,241
ES,K-5,Catharine Blaine K-8,Cascadia,13
ES,K-5,Catharine Blaine K-8,Magnolia,13
ES,K-5,Catharine Blaine K-8,Lawton,6
ES,K-5,Catharine Blaine K-8,Cascade Parent Partnership,2
ES,K-5,Catharine Blaine K-8,Daniel Bagley,2
ES,K-5,Catharine Blaine K-8,Coe,1
ES,K-5,Catharine Blaine K-8,Green Lake,1
ES,K-5,Catharine Blaine K-8,John Hay,1
ES,K-5,Catharine Blaine K-8,Licton Springs K-8,1
ES,6-8,Catharine Blaine K-8,Catharine Blaine K-8,94
ES,6-8,Catharine Blaine K-8,Hamilton Intl,12
ES,6-8,Catharine Blaine K-8,McClure,8
ES,,Coe,Coe,450
ES,,Coe,Cascadia,22
ES,,Coe,John Hay,13
ES,,Coe,Queen Anne,12
ES,,Coe,John Stanford Intl,3
ES,,Coe,Lowell,2
ES,,Coe,McDonald Intl,2
ES,,Coe,Salmon Bay K-8,2
ES,,Coe,Adams,1
ES,,Coe,Cascade Parent Partnership,1
ES,,Coe,Catharine Blaine K-8,1
ES,,Coe,Magnolia,1
ES,,Coe,South Shore PK-8,1
ES,,Coe,TOPS K-8,1
ES,,John Hay,John Hay,223
ES,,John Hay,Queen Anne,97
ES,,John Hay,Cascadia,27
ES,,John Hay,John Stanford Intl,6
ES,,John Hay,Lowell,4
ES,,John Hay,McDonald Intl,4
ES,,John Hay,Coe,3
ES,,John Hay,B.F. Day,2
ES,,John Hay,Cascade Parent Partnership,2
ES,,John Hay,Magnolia,2
ES,,John Hay,Adams,1
ES,,John Hay,Bailey Gatzert,1
ES,,John Hay,Exp. Ed. Unit,1
ES,,John Hay,Loyal Heights,1
ES,,John Hay,TOPS K-8,1
ES,,Lawton,Lawton,298
ES,,Lawton,Cascadia,27
ES,,Lawton,Magnolia,15
ES,,Lawton,Catharine Blaine K-8,14
ES,,Lawton,John Stanford Intl,7
ES,,Lawton,John Hay,4
ES,,Lawton,Licton Springs K-8,3
ES,,Lawton,Adams,1
ES,,Lawton,Cascade Parent Partnership,1
ES,,Lawton,Coe,1
ES,,Lawton,Daniel Bagley,1
ES,,Lawton,Salmon Bay K-8,1
ES,,Lawton,West Woodland,1
ES,,Magnolia,Magnolia,287
ES,,Magnolia,Catharine Blaine K-8,17
ES,,Magnolia,Cascadia,15
ES,,Magnolia,John Stanford Intl,8
ES,,Magnolia,John Hay,7
ES,,Magnolia,Coe,5
ES,,Magnolia,Lawton,5
ES,,Magnolia,Queen Anne,4
ES,,Magnolia,McDonald Intl,2
ES,,Magnolia,Cascade Parent Partnership,1
ES,,Magnolia,Green Lake,1
ES,,Leschi,Leschi,206
ES,,Leschi,Thurgood Marshall,28
ES,,Leschi,TOPS K-8,12
ES,,Leschi,Bailey Gatzert,8
ES,,Leschi,Madrona,6
ES,,Leschi,Lowell,4
ES,,Leschi,Cascade Parent Partnership,3
ES,,Leschi,McGilvra,3
ES,,Leschi,Dunlap,2
ES,,Leschi,John Muir,2
ES,,Leschi,Beacon Hill Intl,1
ES,,Leschi,Dearborn Park Intl,1
ES,,Leschi,Exp. Ed. Unit,1
ES,,Leschi,Kimball,1
ES,,Leschi,South Shore PK-8,1
ES,,Leschi,Stevens,1
ES,,Lowell,Lowell,311
ES,,Lowell,TOPS K-8,49
ES,,Lowell,Queen Anne,26
ES,,Lowell,Stevens,14
ES,,Lowell,Bailey Gatzert,10
ES,,Lowell,John Stanford Intl,7
ES,,Lowell,Montlake,5
ES,,Lowell,Thurgood Marshall,5
ES,,Lowell,Cascade Parent Partnership,4
ES,,Lowell,John Hay,4
ES,,Lowell,Madrona,4
ES,,Lowell,Leschi,3
ES,,Lowell,McDonald Intl,3
ES,,Lowell,B.F. Day,2
ES,,Lowell,Orca K-8,2
ES,,Lowell,Alki,1
ES,,Lowell,Beacon Hill Intl,1
ES,,Lowell,Cascade Virtual Option K-12,1
ES,,Lowell,Decatur,1
ES,,Lowell,Exp. Ed. Unit,1
ES,,Lowell,Highland Park,1
ES,,Lowell,John Rogers,1
ES,,Lowell,Lawton,1
ES,,Lowell,Licton Springs K-8,1
ES,,Lowell,Martin Luther King,1
ES,,Lowell,Olympic Hills,1
ES,,Lowell,South Shore PK-8,1
ES,,Lowell,STEM K-8,1
ES,,Lowell,Wing Luke,1
ES,,Madrona,Madrona,192
ES,,Madrona,TOPS K-8,42
ES,,Madrona,Thurgood Marshall,19
ES,,Madrona,Leschi,5
ES,,Madrona,Lowell,5
ES,,Madrona,Stevens,4
ES,,Madrona,Bailey Gatzert,2
ES,,Madrona,Cascade Parent Partnership,2
ES,,Madrona,Cascade Virtual Option K-12,2
ES,,Madrona,Fairmount Park,2
ES,,Madrona,John Stanford Intl,2
ES,,Madrona,Graham Hill,1
ES,,Madrona,South Shore PK-8,1
ES,,Madrona,Wing Luke,1
ES,,McGilvra,McGilvra,185
ES,,McGilvra,Thurgood Marshall,12
ES,,McGilvra,TOPS K-8,9
ES,,McGilvra,Montlake,3
ES,,McGilvra,Cascade Parent Partnership,2
ES,,McGilvra,John Stanford Intl,2
ES,,McGilvra,Lowell,2
ES,,McGilvra,Non Public Agencies,2
ES,,McGilvra,Stevens,2
ES,,McGilvra,Exp. Ed. Unit,1
ES,,Montlake,Montlake,154
ES,,Montlake,TOPS K-8,58
ES,,Montlake,John Stanford Intl,8
ES,,Montlake,McDonald Intl,5
ES,,Montlake,Thurgood Marshall,5
ES,,Montlake,Cascadia,2
ES,,Montlake,Decatur,2
ES,,Montlake,Loyal Heights,1
ES,,Montlake,Non Public Agencies,1
ES,,Montlake,Priv/Paroch Sped,1
ES,,Stevens,Stevens,117
ES,,Stevens,TOPS K-8,8
ES,,Stevens,Thurgood Marshall,6
ES,,Stevens,John Stanford Intl,4
ES,,Stevens,Lowell,3
ES,,Stevens,Bailey Gatzert,1
ES,,Stevens,Cascade Parent Partnership,1
ES,,Stevens,Cascade Virtual Option K-12,1
ES,,Stevens,Emerson,1
ES,,Stevens,Montlake,1
ES,,Stevens,Wing Luke,1
ES,,Beacon Hill Intl,Beacon Hill Intl,291
ES,,Beacon Hill Intl,Maple,9
ES,,Beacon Hill Intl,Thurgood Marshall,7
ES,,Beacon Hill Intl,Bailey Gatzert,2
ES,,Beacon Hill Intl,Kimball,2
ES,,Beacon Hill Intl,Lowell,2
ES,,Beacon Hill Intl,Martin Luther King,2
ES,,Beacon Hill Intl,Orca K-8,2
ES,,Beacon Hill Intl,Pathfinder K-8,2
ES,,Beacon Hill Intl,TOPS K-8,2
ES,,Beacon Hill Intl,Concord Intl,1
ES,,Beacon Hill Intl,Dearborn Park Intl,1
ES,,Beacon Hill Intl,Graham Hill,1
ES,,Beacon Hill Intl,John Stanford Intl,1
ES,,Beacon Hill Intl,Leschi,1
ES,,Beacon Hill Intl,Madrona,1
ES,,Beacon Hill Intl,McDonald Intl,1
ES,,Beacon Hill Intl,South Shore PK-8,1
ES,,Dearborn Park Intl,Dearborn Park Intl,264
ES,,Dearborn Park Intl,Maple,35
ES,,Dearborn Park Intl,South Shore PK-8,8
ES,,Dearborn Park Intl,Wing Luke,8
ES,,Dearborn Park Intl,Thurgood Marshall,7
ES,,Dearborn Park Intl,Orca K-8,6
ES,,Dearborn Park Intl,Rising Star,6
ES,,Dearborn Park Intl,Kimball,5
ES,,Dearborn Park Intl,Beacon Hill Intl,4
ES,,Dearborn Park Intl,Martin Luther King,3
ES,,Dearborn Park Intl,Cascade Parent Partnership,2
ES,,Dearborn Park Intl,TOPS K-8,2
ES,,Dearborn Park Intl,Dunlap,1
ES,,Dearborn Park Intl,Exp. Ed. Unit,1
ES,,Dearborn Park Intl,Graham Hill,1
ES,,Dearborn Park Intl,John Muir,1
ES,,Dearborn Park Intl,Pathfinder K-8,1
ES,,Dearborn Park Intl,Rainier View,1
ES,,Maple,Maple,320
ES,,Maple,Thurgood Marshall,10
ES,,Maple,Beacon Hill Intl,9
ES,,Maple,Kimball,6
ES,,Maple,TOPS K-8,4
ES,,Maple,Dearborn Park Intl,2
ES,,Maple,John Stanford Intl,2
ES,,Maple,Montlake,2
ES,,Maple,Wing Luke,2
ES,,Maple,Green Lake,1
ES,,Maple,Hawthorne,1
ES,,Maple,John Hay,1
ES,,Maple,McGilvra,1
ES,,Maple,Non Public Agencies,1
ES,,Maple,Orca K-8,1
ES,,Maple,Pathfinder K-8,1
ES,,Maple,STEM K-8,1
ES,,Maple,Wedgwood,1
ES,,Maple,West Woodland,1
ES,,Rising Star,Rising Star,228
ES,,Rising Star,Orca K-8,12
ES,,Rising Star,Wing Luke,12
ES,,Rising Star,Maple,10
ES,,Rising Star,South Shore PK-8,10
ES,,Rising Star,Dearborn Park Intl,9
ES,,Rising Star,Beacon Hill Intl,5
ES,,Rising Star,John Muir,4
ES,,Rising Star,TOPS K-8,4
ES,,Rising Star,Kimball,3
ES,,Rising Star,Martin Luther King,3
ES,,Rising Star,Concord Intl,2
ES,,Rising Star,Graham Hill,2
ES,,Rising Star,Lowell,2
ES,,Rising Star,Pathfinder K-8,2
ES,,Rising Star,Cascade Parent Partnership,1
ES,,Rising Star,Rainier View,1
ES,,Rising Star,Thurgood Marshall,1
ES,K-5,Broadview-Thomson K-8,Broadview-Thomson K-8,399
ES,K-5,Broadview-Thomson K-8,Hazel Wolf K-8,23
ES,K-5,Broadview-Thomson K-8,Cascadia,19
ES,K-5,Broadview-Thomson K-8,McDonald Intl,14
ES,K-5,Broadview-Thomson K-8,James Baldwin,12
ES,K-5,Broadview-Thomson K-8,Salmon Bay K-8,10
ES,K-5,Broadview-Thomson K-8,Daniel Bagley,9
ES,K-5,Broadview-Thomson K-8,North Beach,8
ES,K-5,Broadview-Thomson K-8,TOPS K-8,6
ES,K-5,Broadview-Thomson K-8,Cascade Parent Partnership,5
ES,K-5,Broadview-Thomson K-8,Licton Springs K-8,5
ES,K-5,Broadview-Thomson K-8,John Stanford Intl,4
ES,K-5,Broadview-Thomson K-8,Loyal Heights,4
ES,K-5,Broadview-Thomson K-8,Queen Anne,4
ES,K-5,Broadview-Thomson K-8,Viewlands,3
ES,K-5,Broadview-Thomson K-8,Cedar Park,2
ES,K-5,Broadview-Thomson K-8,Greenwood,2
ES,K-5,Broadview-Thomson K-8,Non Public Agencies,2
ES,K-5,Broadview-Thomson K-8,Olympic Hills,2
ES,K-5,Broadview-Thomson K-8,Olympic View,2
ES,K-5,Broadview-Thomson K-8,Whittier,2
ES,K-5,Broadview-Thomson K-8,Adams,1
ES,K-5,Broadview-Thomson K-8,Coe,1
ES,K-5,Broadview-Thomson K-8,Exp. Ed. Unit,1
ES,K-5,Broadview-Thomson K-8,Green Lake,1
ES,K-5,Broadview-Thomson K-8,Laurelhurst,1
ES,K-5,Broadview-Thomson K-8,West Woodland,1
ES,6-8,Broadview-Thomson K-8,Robert Eagle Staff,116
ES,6-8,Broadview-Thomson K-8,Broadview-Thomson K-8,85
ES,6-8,Broadview-Thomson K-8,Hazel Wolf K-8,14
ES,6-8,Broadview-Thomson K-8,Salmon Bay K-8,6
ES,6-8,Broadview-Thomson K-8,Hamilton Intl,5
ES,6-8,Broadview-Thomson K-8,Whitman,4
ES,6-8,Broadview-Thomson K-8,Cascade Parent Partnership,2
ES,6-8,Broadview-Thomson K-8,Cascade Virtual Option K-12,2
ES,6-8,Broadview-Thomson K-8,Eckstein,2
ES,6-8,Broadview-Thomson K-8,TOPS K-8,2
ES,6-8,Broadview-Thomson K-8,Licton Springs K-8,1
ES,6-8,Broadview-Thomson K-8,McClure,1
ES,,Daniel Bagley,Daniel Bagley,283
ES,,Daniel Bagley,Cascadia,34
ES,,Daniel Bagley,McDonald Intl,17
ES,,Daniel Bagley,John Stanford Intl,16
ES,,Daniel Bagley,Greenwood,3
ES,,Daniel Bagley,Hazel Wolf K-8,3
ES,,Daniel Bagley,Salmon Bay K-8,3
ES,,Daniel Bagley,Olympic View,2
ES,,Daniel Bagley,Whittier,2
ES,,Daniel Bagley,Adams,1
ES,,Daniel Bagley,B.F. Day,1
ES,,Daniel Bagley,Bailey Gatzert,1
ES,,Daniel Bagley,Leschi,1
ES,,Daniel Bagley,North Beach,1
ES,,Daniel Bagley,Olympic Hills,1
ES,,Daniel Bagley,Queen Anne,1
ES,,Daniel Bagley,Thornton Creek,1
ES,,Daniel Bagley,Thurgood Marshall,1
ES,,Daniel Bagley,TOPS K-8,1
ES,,Greenwood,Greenwood,316
ES,,Greenwood,Cascadia,34
ES,,Greenwood,Daniel Bagley,9
ES,,Greenwood,Salmon Bay K-8,7
ES,,Greenwood,McDonald Intl,6
ES,,Greenwood,John Stanford Intl,4
ES,,Greenwood,Adams,2
ES,,Greenwood,B.F. Day,2
ES,,Greenwood,Broadview-Thomson K-8,2
ES,,Greenwood,Cascade Parent Partnership,2
ES,,Greenwood,Exp. Ed. Unit,2
ES,,Greenwood,Green Lake,2
ES,,Greenwood,Licton Springs K-8,2
ES,,Greenwood,Loyal Heights,2
ES,,Greenwood,North Beach,2
ES,,Greenwood,Whittier,2
ES,,Greenwood,Hazel Wolf K-8,1
ES,,Greenwood,James Baldwin,1
ES,,Greenwood,Priv/Paroch Sped,1
ES,,Greenwood,Sacajawea,1
ES,,Greenwood,South Shore PK-8,1
ES,,Greenwood,TOPS K-8,1
ES,,James Baldwin,James Baldwin,198
ES,,James Baldwin,Hazel Wolf K-8,31
ES,,James Baldwin,Cascadia,12
ES,,James Baldwin,Broadview-Thomson K-8,11
ES,,James Baldwin,McDonald Intl,6
ES,,James Baldwin,Cedar Park,5
ES,,James Baldwin,Olympic View,5
ES,,James Baldwin,Adams,4
ES,,James Baldwin,John Stanford Intl,3
ES,,James Baldwin,Loyal Heights,3
ES,,James Baldwin,Olympic Hills,3
ES,,James Baldwin,Thornton Creek,3
ES,,James Baldwin,Cascade Parent Partnership,2
ES,,James Baldwin,North Beach,2
ES,,James Baldwin,Daniel Bagley,1
ES,,James Baldwin,Fairmount Park,1
ES,,James Baldwin,Green Lake,1
ES,,James Baldwin,John Rogers,1
ES,,James Baldwin,Licton Springs K-8,1
ES,,Bailey Gatzert,Bailey Gatzert,335
ES,,Bailey Gatzert,TOPS K-8,13
ES,,Bailey Gatzert,Thurgood Marshall,11
ES,,Bailey Gatzert,Lowell,9
ES,,Bailey Gatzert,Kimball,7
ES,,Bailey Gatzert,John Stanford Intl,6
ES,,Bailey Gatzert,Leschi,5
ES,,Bailey Gatzert,Madrona,5
ES,,Bailey Gatzert,Cascade Virtual Option K-12,3
ES,,Bailey Gatzert,Stevens,3
ES,,Bailey Gatzert,John Hay,2
ES,,Bailey Gatzert,Licton Springs K-8,2
ES,,Bailey Gatzert,Martin Luther King,2
ES,,Bailey Gatzert,Pathfinder K-8,2
ES,,Bailey Gatzert,B.F. Day,1
ES,,Bailey Gatzert,Cascade Parent Partnership,1
ES,,Bailey Gatzert,Concord Intl,1
ES,,Bailey Gatzert,Exp. Ed. Unit,1
ES,,Bailey Gatzert,Greenwood,1
ES,,Bailey Gatzert,John Muir,1
ES,,Bailey Gatzert,Maple,1
ES,,Bailey Gatzert,McGilvra,1
ES,,Bailey Gatzert,Montlake,1
ES,,Bailey Gatzert,Non Public Agencies,1
ES,,Bailey Gatzert,Priv/Paroch Sped,1
ES,,Bailey Gatzert,South Shore PK-8,1
ES,,Bailey Gatzert,Thornton Creek,1
ES,,Bailey Gatzert,West Seattle ES,1
ES,,John Muir,John Muir,281
ES,,John Muir,Thurgood Marshall,31
ES,,John Muir,Orca K-8,10
ES,,John Muir,Kimball,7
ES,,John Muir,South Shore PK-8,6
ES,,John Muir,Graham Hill,5
ES,,John Muir,Hawthorne,5
ES,,John Muir,Bailey Gatzert,3
ES,,John Muir,Dearborn Park Intl,3
ES,,John Muir,Dunlap,3
ES,,John Muir,Leschi,3
ES,,John Muir,Beacon Hill Intl,2
ES,,John Muir,Cascade Virtual Option K-12,2
ES,,John Muir,Magnolia,2
ES,,John Muir,Martin Luther King,2
ES,,John Muir,Stevens,2
ES,,John Muir,TOPS K-8,2
ES,,John Muir,Alki,1
ES,,John Muir,Catharine Blaine K-8,1
ES,,John Muir,John Stanford Intl,1
ES,,John Muir,Lowell,1
ES,,John Muir,Non Public Agencies,1
ES,,Kimball,Kimball,335
ES,,Kimball,Thurgood Marshall,20
ES,,Kimball,Beacon Hill Intl,13
ES,,Kimball,Orca K-8,7
ES,,Kimball,John Muir,5
ES,,Kimball,Bailey Gatzert,3
ES,,Kimball,Cascade Parent Partnership,3
ES,,Kimball,Dearborn Park Intl,3
ES,,Kimball,Graham Hill,3
ES,,Kimball,Lowell,3
ES,,Kimball,South Shore PK-8,3
ES,,Kimball,Concord Intl,2
ES,,Kimball,Hawthorne,2
ES,,Kimball,John Stanford Intl,2
ES,,Kimball,Leschi,2
ES,,Kimball,Maple,2
ES,,Kimball,Martin Luther King,2
ES,,Kimball,Cascade Virtual Option K-12,1
ES,,Kimball,Dunlap,1
ES,,Kimball,Pathfinder K-8,1
ES,,Kimball,Stevens,1
ES,,Kimball,Wing Luke,1
ES,,Thurgood Marshall,Thurgood Marshall,227
ES,,Thurgood Marshall,Leschi,9
ES,,Thurgood Marshall,Beacon Hill Intl,5
ES,,Thurgood Marshall,Orca K-8,5
ES,,Thurgood Marshall,Stevens,4
ES,,Thurgood Marshall,Hawthorne,3
ES,,Thurgood Marshall,Bailey Gatzert,2
ES,,Thurgood Marshall,Emerson,2
ES,,Thurgood Marshall,John Muir,2
ES,,Thurgood Marshall,TOPS K-8,2
ES,,Thurgood Marshall,Adams,1
ES,,Thurgood Marshall,Alki,1
ES,,Thurgood Marshall,Cascade Parent Partnership,1
ES,,Thurgood Marshall,Cascade Virtual Option K-12,1
ES,,Thurgood Marshall,Dearborn Park Intl,1
ES,,Thurgood Marshall,Kimball,1
ES,,Thurgood Marshall,Madrona,1
ES,,Thurgood Marshall,Queen Anne,1
ES,,Thurgood Marshall,Rising Star,1
ES,,Thurgood Marshall,Wing Luke,1
ES,,Adams,Adams,260
ES,,Adams,Salmon Bay K-8,115
ES,,Adams,Cascadia,31
ES,,Adams,Licton Springs K-8,17
ES,,Adams,John Stanford Intl,12
ES,,Adams,Loyal Heights,7
ES,,Adams,McDonald Intl,5
ES,,Adams,Coe,4
ES,,Adams,Daniel Bagley,3
ES,,Adams,Cascade Parent Partnership,2
ES,,Adams,North Beach,2
ES,,Adams,West Woodland,2
ES,,Adams,Whittier,2
ES,,Adams,Concord Intl,1
ES,,Adams,Lawton,1
ES,,Loyal Heights,Loyal Heights,488
ES,,Loyal Heights,Salmon Bay K-8,60
ES,,Loyal Heights,Cascadia,38
ES,,Loyal Heights,McDonald Intl,14
ES,,Loyal Heights,Whittier,13
ES,,Loyal Heights,Licton Springs K-8,12
ES,,Loyal Heights,John Stanford Intl,8
ES,,Loyal Heights,Adams,6
ES,,Loyal Heights,Cascade Parent Partnership,3
ES,,Loyal Heights,Cascade Virtual Option K-12,3
ES,,Loyal Heights,Viewlands,3
ES,,Loyal Heights,Broadview-Thomson K-8,2
ES,,Loyal Heights,Non Public Agencies,2
ES,,Loyal Heights,North Beach,2
ES,,Loyal Heights,West Woodland,2
ES,,Loyal Heights,Cedar Park,1
ES,,Loyal Heights,Hazel Wolf K-8,1
ES,,Loyal Heights,Priv/Paroch Sped,1
ES,,Loyal Heights,TOPS K-8,1
ES,,North Beach,North Beach,295
ES,,North Beach,Cascadia,27
ES,,North Beach,Salmon Bay K-8,11
ES,,North Beach,McDonald Intl,10
ES,,North Beach,Loyal Heights,9
ES,,North Beach,Greenwood,4
ES,,North Beach,John Stanford Intl,3
ES,,North Beach,Cascade Parent Partnership,2
ES,,North Beach,Catharine Blaine K-8,2
ES,,North Beach,Licton Springs K-8,2
ES,,North Beach,Viewlands,2
ES,,North Beach,Adams,1
ES,,North Beach,Exp. Ed. Unit,1
ES,,North Beach,Graham Hill,1
ES,,North Beach,Green Lake,1
ES,,North Beach,Non Public Agencies,1
ES,,North Beach,Queen Anne,1
ES,,Viewlands,Viewlands,258
ES,,Viewlands,North Beach,18
ES,,Viewlands,Cascadia,17
ES,,Viewlands,John Stanford Intl,14
ES,,Viewlands,McDonald Intl,13
ES,,Viewlands,Daniel Bagley,9
ES,,Viewlands,Licton Springs K-8,8
ES,,Viewlands,Whittier,8
ES,,Viewlands,Broadview-Thomson K-8,6
ES,,Viewlands,Hazel Wolf K-8,5
ES,,Viewlands,James Baldwin,4
ES,,Viewlands,Loyal Heights,4
ES,,Viewlands,Greenwood,3
ES,,Viewlands,Salmon Bay K-8,3
ES,,Viewlands,Thornton Creek,3
ES,,Viewlands,Cedar Park,2
ES,,Viewlands,Green Lake,2
ES,,Viewlands,TOPS K-8,2
ES,,Viewlands,Adams,1
ES,,Viewlands,Cascade Parent Partnership,1
ES,,Viewlands,Cascade Virtual Option K-12,1
ES,,Viewlands,Exp. Ed. Unit,1
ES,,Viewlands,Laurelhurst,1
ES,,Viewlands,Olympic Hills,1
ES,,Viewlands,Olympic View,1
ES,,Viewlands,Sacajawea,1
ES,,Whittier,Whittier,311
ES,,Whittier,Salmon Bay K-8,30
ES,,Whittier,Cascadia,15
ES,,Whittier,John Stanford Intl,9
ES,,Whittier,West Woodland,6
ES,,Whittier,McDonald Intl,5
ES,,Whittier,Adams,3
ES,,Whittier,Licton Springs K-8,3
ES,,Whittier,Greenwood,2
ES,,Whittier,TOPS K-8,2
ES,,Whittier,B.F. Day,1
ES,,Whittier,Exp. Ed. Unit,1
ES,,Whittier,Hazel Wolf K-8,1
ES,,Whittier,John Hay,1
MS,,Aki Kurose,Aki Kurose,778
MS,,Aki Kurose,South Shore PK-8,143
MS,,Aki Kurose,Mercer Intl,46
MS,,Aki Kurose,Washington,37
MS,,Aki Kurose,Orca K-8,33
MS,,Aki Kurose,TOPS K-8,17
MS,,Aki Kurose,Cascade Virtual Option K-12,6
MS,,Aki Kurose,Meany,4
MS,,Aki Kurose,STEM K-8,3
MS,,Aki Kurose,Hamilton Intl,2
MS,,Aki Kurose,Broadview-Thomson K-8,1
MS,,Aki Kurose,Cascade Parent Partnership,1
MS,,Aki Kurose,Madison,1
MS,,Aki Kurose,McClure,1
MS,,Aki Kurose,Pathfinder K-8,1
MS,,Aki Kurose,Robert Eagle Staff,1
MS,,Aki Kurose,Salmon Bay K-8,1
MS,,Denny Intl,David T. Denny Intl,678
MS,,Denny Intl,STEM K-8,111
MS,,Denny Intl,Pathfinder K-8,65
MS,,Denny Intl,Madison,37
MS,,Denny Intl,Cascade Virtual Option K-12,10
MS,,Denny Intl,South Shore PK-8,4
MS,,Denny Intl,Cascade Parent Partnership,3
MS,,Denny Intl,Meany,2
MS,,Denny Intl,Aki Kurose,1
MS,,Denny Intl,Eckstein,1
MS,,Denny Intl,Orca K-8,1
MS,,Denny Intl,Robert Eagle Staff,1
MS,,Denny Intl,TOPS K-8,1
MS,,Eckstein,Eckstein,1008
MS,,Eckstein,Jane Addams MS,92
MS,,Eckstein,Hamilton Intl,43
MS,,Eckstein,Hazel Wolf K-8,20
MS,,Eckstein,Cascade Parent Partnership,5
MS,,Eckstein,Salmon Bay K-8,5
MS,,Eckstein,Cascade Virtual Option K-12,4
MS,,Eckstein,TOPS K-8,4
MS,,Eckstein,Robert Eagle Staff,2
MS,,Eckstein,Licton Springs K-8,1
MS,,Eckstein,McClure,1
MS,,Hamilton,Hamilton Intl,703
MS,,Hamilton,Salmon Bay K-8,29
MS,,Hamilton,Cascade Parent Partnership,5
MS,,Hamilton,Robert Eagle Staff,5
MS,,Hamilton,Hazel Wolf K-8,4
MS,,Hamilton,Eckstein,3
MS,,Hamilton,McClure,3
MS,,Hamilton,TOPS K-8,3
MS,,Hamilton,Jane Addams MS,2
MS,,Hamilton,Cascade Virtual Option K-12,1
MS,,Hamilton,Catharine Blaine K-8,1
MS,,Hamilton,South Shore PK-8,1
MS,,Hamilton,Washington,1
MS,,Jane Addams,Jane Addams MS,721
MS,,Jane Addams,Hazel Wolf K-8,173
MS,,Jane Addams,Hamilton Intl,35
MS,,Jane Addams,Cascade Parent Partnership,7
MS,,Jane Addams,Eckstein,5
MS,,Jane Addams,Robert Eagle Staff,4
MS,,Jane Addams,TOPS K-8,4
MS,,Jane Addams,David T. Denny Intl,3
MS,,Jane Addams,Broadview-Thomson K-8,2
MS,,Jane Addams,Salmon Bay K-8,2
MS,,Jane Addams,Whitman,2
MS,,Jane Addams,Cascade Virtual Option K-12,1
MS,,Jane Addams,Interagency,1
MS,,Jane Addams,Licton Springs K-8,1
MS,,Jane Addams,Meany,1
MS,,Madison,Madison,965
MS,,Madison,Pathfinder K-8,68
MS,,Madison,STEM K-8,21
MS,,Madison,David T. Denny Intl,19
MS,,Madison,Cascade Virtual Option K-12,8
MS,,Madison,Cascade Parent Partnership,5
MS,,Madison,Meany,2
MS,,Madison,Robert Eagle Staff,1
MS,,Madison,Salmon Bay K-8,1
MS,,Madison,TOPS K-8,1
MS,,McClure,McClure,455
MS,,McClure,Catharine Blaine K-8,164
MS,,McClure,Hamilton Intl,140
MS,,McClure,Salmon Bay K-8,24
MS,,McClure,Cascade Parent Partnership,11
MS,,McClure,Licton Springs K-8,3
MS,,McClure,Whitman,3
MS,,McClure,Robert Eagle Staff,2
MS,,McClure,Aki Kurose,1
MS,,McClure,Cascade Virtual Option K-12,1
MS,,McClure,Hazel Wolf K-8,1
MS,,McClure,Madison,1
MS,,McClure,Meany,1
MS,,McClure,Washington,1
MS,,Meany,Meany,477
MS,,Meany,TOPS K-8,111
MS,,Meany,Washington,36
MS,,Meany,Hamilton Intl,13
MS,,Meany,Cascade Parent Partnership,10
MS,,Meany,McClure,5
MS,,Meany,Mercer Intl,5
MS,,Meany,Jane Addams MS,4
MS,,Meany,Salmon Bay K-8,4
MS,,Meany,Aki Kurose,2
MS,,Meany,Eckstein,2
MS,,Meany,Hazel Wolf K-8,2
MS,,Meany,Orca K-8,2
MS,,Meany,Cascade Virtual Option K-12,1
MS,,Meany,David T. Denny Intl,1
MS,,Meany,Licton Springs K-8,1
MS,,Meany,Madison,1
MS,,Meany,South Shore PK-8,1
MS,,Meany,STEM K-8,1
MS,,Mercer Intl,Mercer Intl,643
MS,,Mercer Intl,Washington,12
MS,,Mercer Intl,Aki Kurose,11
MS,,Mercer Intl,South Shore PK-8,9
MS,,Mercer Intl,TOPS K-8,9
MS,,Mercer Intl,Cascade Virtual Option K-12,5
MS,,Mercer Intl,Orca K-8,5
MS,,Mercer Intl,Madison,3
MS,,Mercer Intl,Meany,1
MS,,Mercer Intl,Pathfinder K-8,1
MS,,Robert Eagle Staff,Robert Eagle Staff,588
MS,,Robert Eagle Staff,Broadview-Thomson K-8,96
MS,,Robert Eagle Staff,Hamilton Intl,30
MS,,Robert Eagle Staff,Hazel Wolf K-8,30
MS,,Robert Eagle Staff,Salmon Bay K-8,23
MS,,Robert Eagle Staff,Whitman,8
MS,,Robert Eagle Staff,Cascade Virtual Option K-12,7
MS,,Robert Eagle Staff,Cascade Parent Partnership,5
MS,,Robert Eagle Staff,TOPS K-8,5
MS,,Robert Eagle Staff,Eckstein,4
MS,,Robert Eagle Staff,Licton Springs K-8,4
MS,,Robert Eagle Staff,David T. Denny Intl,2
MS,,Robert Eagle Staff,Jane Addams MS,2
MS,,Robert Eagle Staff,McClure,2
MS,,Washington,Washington,476
MS,,Washington,Mercer Intl,59
MS,,Washington,Orca K-8,26
MS,,Washington,TOPS K-8,23
MS,,Washington,Aki Kurose,14
MS,,Washington,Meany,14
MS,,Washington,Cascade Virtual Option K-12,6
MS,,Washington,Pathfinder K-8,4
MS,,Washington,South Shore PK-8,3
MS,,Washington,Cascade Parent Partnership,2
MS,,Washington,Madison,2
MS,,Washington,McClure,2
MS,,Washington,STEM K-8,2
MS,,Washington,Catharine Blaine K-8,1
MS,,Washington,David T. Denny Intl,1
MS,,Washington,Jane Addams MS,1
MS,,Whitman,Whitman,621
MS,,Whitman,Salmon Bay K-8,220
MS,,Whitman,Robert Eagle Staff,120
MS,,Whitman,Hamilton Intl,20
MS,,Whitman,Licton Springs K-8,10
MS,,Whitman,Broadview-Thomson K-8,7
MS,,Whitman,Cascade Parent Partnership,3
MS,,Whitman,Hazel Wolf K-8,3
MS,,Whitman,McClure,3
MS,,Whitman,Cascade Virtual Option K-12,2
MS,,Whitman,TOPS K-8,1
HS,,Ballard,Ballard,1645
HS,,Ballard,Lincoln,122
HS,,Ballard,Ingraham,39
HS,,Ballard,Center School,27
HS,,Ballard,Nova,19
HS,,Ballard,Interagency,12
HS,,Ballard,Bridges,11
HS,,Ballard,Cascade Virtual Option K-12,11
HS,,Ballard,Middle College,5
HS,,Ballard,Roosevelt,5
HS,,Ballard,Nathan Hale,4
HS,,Ballard,Franklin,1
HS,,Ballard,Garfield,1
HS,,Ballard,Rainier Beach,1
HS,,Ballard,Seattle World School,1
HS,,Chief Sealth Intl,Chief Sealth Intl,996
HS,,Chief Sealth Intl,West Seattle HS,56
HS,,Chief Sealth Intl,Interagency,45
HS,,Chief Sealth Intl,Nova,26
HS,,Chief Sealth Intl,Cleveland STEM,24
HS,,Chief Sealth Intl,Cascade Virtual Option K-12,19
HS,,Chief Sealth Intl,Center School,19
HS,,Chief Sealth Intl,Bridges,15
HS,,Chief Sealth Intl,Seattle World School,9
HS,,Chief Sealth Intl,Alan T. Sugiyama,4
HS,,Chief Sealth Intl,Garfield,2
HS,,Chief Sealth Intl,Lincoln,2
HS,,Chief Sealth Intl,Middle College,2
HS,,Chief Sealth Intl,Roosevelt,2
HS,,Chief Sealth Intl,Ingraham,1
HS,,Chief Sealth Intl,Rainier Beach,1
HS,,Franklin,Franklin,1129
HS,,Franklin,Cleveland STEM,464
HS,,Franklin,Garfield,121
HS,,Franklin,Seattle World School,64
HS,,Franklin,Interagency,38
HS,,Franklin,Nova,38
HS,,Franklin,Rainier Beach,23
HS,,Franklin,Cascade Virtual Option K-12,22
HS,,Franklin,Bridges,11
HS,,Franklin,Middle College,11
HS,,Franklin,Center School,9
HS,,Franklin,Alan T. Sugiyama,6
HS,,Franklin,Lincoln,5
HS,,Franklin,Roosevelt,3
HS,,Franklin,Chief Sealth Intl,2
HS,,Franklin,Nathan Hale,2
HS,,Franklin,West Seattle HS,2
HS,,Garfield,Garfield,1223
HS,,Garfield,Nova,57
HS,,Garfield,Seattle World School,36
HS,,Garfield,Interagency,32
HS,,Garfield,Cascade Virtual Option K-12,23
HS,,Garfield,Cleveland STEM,17
HS,,Garfield,Middle College,17
HS,,Garfield,Center School,11
HS,,Garfield,Franklin,10
HS,,Garfield,Lincoln,10
HS,,Garfield,Bridges,7
HS,,Garfield,Roosevelt,6
HS,,Garfield,Rainier Beach,5
HS,,Garfield,Alan T. Sugiyama,4
HS,,Garfield,Ingraham,4
HS,,Garfield,Nathan Hale,4
HS,,Garfield,Chief Sealth Intl,3
HS,,Garfield,West Seattle HS,3
HS,,Garfield,Ballard,2
HS,,Ingraham,Ingraham,1206
HS,,Ingraham,Lincoln,59
HS,,Ingraham,Center School,22
HS,,Ingraham,Ballard,20
HS,,Ingraham,Interagency,20
HS,,Ingraham,Nathan Hale,20
HS,,Ingraham,Bridges,17
HS,,Ingraham,Nova,16
HS,,Ingraham,Cascade Virtual Option K-12,15
HS,,Ingraham,Middle College,11
HS,,Ingraham,Seattle World School,11
HS,,Ingraham,Roosevelt,5
HS,,Ingraham,Rainier Beach,2
HS,,Ingraham,Chief Sealth Intl,1
HS,,Ingraham,Cleveland STEM,1
HS,,Lincoln,Lincoln,1215
HS,,Lincoln,Center School,19
HS,,Lincoln,Seattle World School,19
HS,,Lincoln,Ballard,15
HS,,Lincoln,Ingraham,12
HS,,Lincoln,Roosevelt,10
HS,,Lincoln,Middle College,9
HS,,Lincoln,Nova,8
HS,,Lincoln,Cascade Virtual Option K-12,7
HS,,Lincoln,Interagency,6
HS,,Lincoln,Bridges,5
HS,,Lincoln,Garfield,3
HS,,Lincoln,Nathan Hale,2
HS,,Lincoln,Alan T. Sugiyama,1
HS,,Lincoln,Cleveland STEM,1
HS,,Lincoln,Rainier Beach,1
HS,,Nathan Hale,Nathan Hale,926
HS,,Nathan Hale,Lincoln,135
HS,,Nathan Hale,Ingraham,61
HS,,Nathan Hale,Roosevelt,24
HS,,Nathan Hale,Interagency,23
HS,,Nathan Hale,Seattle World School,17
HS,,Nathan Hale,Middle College,14
HS,,Nathan Hale,Cascade Virtual Option K-12,13
HS,,Nathan Hale,Center School,13
HS,,Nathan Hale,Nova,12
HS,,Nathan Hale,Bridges,8
HS,,Nathan Hale,Franklin,1
HS,,Nathan Hale,Garfield,1
HS,,Rainier Beach,Rainier Beach,728
HS,,Rainier Beach,Cleveland STEM,241
HS,,Rainier Beach,Garfield,65
HS,,Rainier Beach,Seattle World School,40
HS,,Rainier Beach,Franklin,37
HS,,Rainier Beach,Nova,27
HS,,Rainier Beach,Alan T. Sugiyama,21
HS,,Rainier Beach,Interagency,18
HS,,Rainier Beach,Bridges,17
HS,,Rainier Beach,Cascade Virtual Option K-12,12
HS,,Rainier Beach,Middle College,10
HS,,Rainier Beach,Center School,6
HS,,Rainier Beach,Roosevelt,3
HS,,Rainier Beach,Lincoln,2
HS,,Rainier Beach,Chief Sealth Intl,1
HS,,Roosevelt,Roosevelt,1472
HS,,Roosevelt,Lincoln,196
HS,,Roosevelt,Nathan Hale,35
HS,,Roosevelt,Nova,23
HS,,Roosevelt,Bridges,10
HS,,Roosevelt,Ingraham,10
HS,,Roosevelt,Interagency,10
HS,,Roosevelt,Cascade Virtual Option K-12,7
HS,,Roosevelt,Middle College,7
HS,,Roosevelt,Seattle World School,7
HS,,Roosevelt,Center School,6
HS,,Roosevelt,Alan T. Sugiyama,2
HS,,Roosevelt,Franklin,1
HS,,West Seattle,West Seattle HS,1383
HS,,West Seattle,Chief Sealth Intl,44
HS,,West Seattle,Nova,24
HS,,West Seattle,Interagency,16
HS,,West Seattle,Center School,13
HS,,West Seattle,Cleveland STEM,13
HS,,West Seattle,Seattle World School,8
HS,,West Seattle,Bridges,7
HS,,West Seattle,Cascade Virtual Option K-12,5
HS,,West Seattle,Middle College,4
HS,,West Seattle,Garfield,2
HS,,West Seattle,Alan T. Sugiyama,1
HS,,West Seattle,Lincoln,1
