GEOID,geoid_tract,pub_5_9,pub_10_14,pub_15_17,priv_5_9,priv_10_14,priv_15_17,pub_frac_5_9,pub_frac_10_14,pub_frac_15_17
530330001011,53033000101,76,117,19,0,0,0,1.0,1.0,1.0
530330001012,53033000101,76,117,19,0,0,0,1.0,1.0,1.0
530330001013,53033000101,76,117,19,0,0,0,1.0,1.0,1.0
530330001021,53033000102,154,113,51,12,12,0,0.927710843373494,0.904,1.0
530330001022,53033000102,154,113,51,12,12,0,0.927710843373494,0.904,1.0
530330001023,53033000102,154,113,51,12,12,0,0.927710843373494,0.904,1.0
530330002011,53033000201,64,220,114,28,66,0,0.6956521739130435,0.7692307692307693,1.0
530330002012,53033000201,64,220,114,28,66,0,0.6956521739130435,0.7692307692307693,1.0
530330002013,53033000201,64,220,114,28,66,0,0.6956521739130435,0.7692307692307693,1.0
530330002021,53033000202,174,175,71,155,8,0,0.5288753799392097,0.9562841530054644,1.0
530330002022,53033000202,174,175,71,155,8,0,0.5288753799392097,0.9562841530054644,1.0
530330002023,53033000202,174,175,71,155,8,0,0.5288753799392097,0.9562841530054644,1.0
530330003001,53033000300,84,81,90,31,90,44,0.7304347826086957,0.47368421052631576,0.6716417910447762
530330003002,53033000300,84,81,90,31,90,44,0.7304347826086957,0.47368421052631576,0.6716417910447762
530330004021,53033000402,205,221,61,61,30,0,0.7706766917293233,0.8804780876494024,1.0
530330004022,53033000402,205,221,61,61,30,0,0.7706766917293233,0.8804780876494024,1.0
530330004023,53033000402,205,221,61,61,30,0,0.7706766917293233,0.8804780876494024,1.0
530330004024,53033000402,205,221,61,61,30,0,0.7706766917293233,0.8804780876494024,1.0
530330004031,53033000403,123,37,32,69,0,0,0.640625,1.0,1.0
530330004032,53033000403,123,37,32,69,0,0,0.640625,1.0,1.0
530330004041,53033000404,95,339,189,45,0,0,0.6785714285714286,1.0,1.0
530330004042,53033000404,95,339,189,45,0,0,0.6785714285714286,1.0,1.0
530330004043,53033000404,95,339,189,45,0,0,0.6785714285714286,1.0,1.0
530330005001,53033000500,191,100,121,92,98,63,0.6749116607773852,0.5050505050505051,0.657608695652174
530330005002,53033000500,191,100,121,92,98,63,0.6749116607773852,0.5050505050505051,0.657608695652174
530330006011,53033000601,189,86,0,21,22,13,0.9,0.7962962962962963,0.0
530330006012,53033000601,189,86,0,21,22,13,0.9,0.7962962962962963,0.0
530330006013,53033000601,189,86,0,21,22,13,0.9,0.7962962962962963,0.0
530330006021,53033000602,175,143,73,65,17,0,0.7291666666666666,0.89375,1.0
530330006022,53033000602,175,143,73,65,17,0,0.7291666666666666,0.89375,1.0
530330006023,53033000602,175,143,73,65,17,0,0.7291666666666666,0.89375,1.0
530330007001,53033000700,167,45,58,68,0,0,0.7106382978723405,1.0,1.0
530330007002,53033000700,167,45,58,68,0,0,0.7106382978723405,1.0,1.0
530330007003,53033000700,167,45,58,68,0,0,0.7106382978723405,1.0,1.0
530330007004,53033000700,167,45,58,68,0,0,0.7106382978723405,1.0,1.0
530330008001,53033000800,97,147,51,35,0,8,0.7348484848484849,1.0,0.864406779661017
530330008002,53033000800,97,147,51,35,0,8,0.7348484848484849,1.0,0.864406779661017
530330009001,53033000900,90,59,30,43,15,15,0.6766917293233082,0.7972972972972973,0.6666666666666666
530330009002,53033000900,90,59,30,43,15,15,0.6766917293233082,0.7972972972972973,0.6666666666666666
530330010001,53033001000,118,103,93,0,40,12,1.0,0.7202797202797203,0.8857142857142857
530330010002,53033001000,118,103,93,0,40,12,1.0,0.7202797202797203,0.8857142857142857
530330011001,53033001100,129,130,51,45,8,25,0.7413793103448276,0.9420289855072463,0.6710526315789473
530330011002,53033001100,129,130,51,45,8,25,0.7413793103448276,0.9420289855072463,0.6710526315789473
530330012011,53033001201,0,114,49,38,0,0,0.0,1.0,1.0
530330012012,53033001201,0,114,49,38,0,0,0.0,1.0,1.0
530330012013,53033001201,0,114,49,38,0,0,0.0,1.0,1.0
530330012021,53033001202,122,104,28,90,0,40,0.5754716981132075,1.0,0.4117647058823529
530330012022,53033001202,122,104,28,90,0,40,0.5754716981132075,1.0,0.4117647058823529
530330012023,53033001202,122,104,28,90,0,40,0.5754716981132075,1.0,0.4117647058823529
530330013001,53033001300,11,108,64,0,0,0,1.0,1.0,1.0
530330013002,53033001300,11,108,64,0,0,0,1.0,1.0,1.0
530330013003,53033001300,11,108,64,0,0,0,1.0,1.0,1.0
530330014001,53033001400,186,105,85,173,79,20,0.5181058495821727,0.5706521739130435,0.8095238095238095
530330014002,53033001400,186,105,85,173,79,20,0.5181058495821727,0.5706521739130435,0.8095238095238095
530330014003,53033001400,186,105,85,173,79,20,0.5181058495821727,0.5706521739130435,0.8095238095238095
530330014004,53033001400,186,105,85,173,79,20,0.5181058495821727,0.5706521739130435,0.8095238095238095
530330015001,53033001500,42,65,32,47,7,0,0.47191011235955055,0.9027777777777778,1.0
530330015002,53033001500,42,65,32,47,7,0,0.47191011235955055,0.9027777777777778,1.0
530330016001,53033001600,200,250,111,125,142,112,0.6153846153846154,0.6377551020408163,0.4977578475336323
530330016002,53033001600,200,250,111,125,142,112,0.6153846153846154,0.6377551020408163,0.4977578475336323
530330016003,53033001600,200,250,111,125,142,112,0.6153846153846154,0.6377551020408163,0.4977578475336323
530330017011,53033001701,15,45,14,0,56,0,1.0,0.44554455445544555,1.0
530330017012,53033001701,15,45,14,0,56,0,1.0,0.44554455445544555,1.0
530330017013,53033001701,15,45,14,0,56,0,1.0,0.44554455445544555,1.0
530330017021,53033001702,164,180,90,0,0,0,1.0,1.0,1.0
530330017022,53033001702,164,180,90,0,0,0,1.0,1.0,1.0
530330017023,53033001702,164,180,90,0,0,0,1.0,1.0,1.0
530330017024,53033001702,164,180,90,0,0,0,1.0,1.0,1.0
530330018001,53033001800,67,33,25,14,55,33,0.8271604938271605,0.375,0.43103448275862066
530330018002,53033001800,67,33,25,14,55,33,0.8271604938271605,0.375,0.43103448275862066
530330018003,53033001800,67,33,25,14,55,33,0.8271604938271605,0.375,0.43103448275862066
530330019001,53033001900,267,73,113,9,0,60,0.967391304347826,1.0,0.653179190751445
530330019002,53033001900,267,73,113,9,0,60,0.967391304347826,1.0,0.653179190751445
530330019003,53033001900,267,73,113,9,0,60,0.967391304347826,1.0,0.653179190751445
530330019004,53033001900,267,73,113,9,0,60,0.967391304347826,1.0,0.653179190751445
530330020001,53033002000,111,166,107,68,28,13,0.6201117318435754,0.8556701030927835,0.8916666666666667
530330020002,53033002000,111,166,107,68,28,13,0.6201117318435754,0.8556701030927835,0.8916666666666667
530330020003,53033002000,111,166,107,68,28,13,0.6201117318435754,0.8556701030927835,0.8916666666666667
530330021001,53033002100,91,168,172,67,45,21,0.5759493670886076,0.7887323943661971,0.8911917098445595
530330021002,53033002100,91,168,172,67,45,21,0.5759493670886076,0.7887323943661971,0.8911917098445595
530330021003,53033002100,91,168,172,67,45,21,0.5759493670886076,0.7887323943661971,0.8911917098445595
530330022001,53033002200,355,259,133,119,49,71,0.7489451476793249,0.8409090909090909,0.6519607843137255
530330022002,53033002200,355,259,133,119,49,71,0.7489451476793249,0.8409090909090909,0.6519607843137255
530330022003,53033002200,355,259,133,119,49,71,0.7489451476793249,0.8409090909090909,0.6519607843137255
530330022004,53033002200,355,259,133,119,49,71,0.7489451476793249,0.8409090909090909,0.6519607843137255
530330024001,53033002400,133,142,81,28,45,23,0.8260869565217391,0.7593582887700535,0.7788461538461539
530330024002,53033002400,133,142,81,28,45,23,0.8260869565217391,0.7593582887700535,0.7788461538461539
530330025001,53033002500,223,161,47,41,9,0,0.8446969696969697,0.9470588235294117,1.0
530330025002,53033002500,223,161,47,41,9,0,0.8446969696969697,0.9470588235294117,1.0
530330026001,53033002600,176,231,150,50,92,21,0.7787610619469026,0.7151702786377709,0.8771929824561403
530330026002,53033002600,176,231,150,50,92,21,0.7787610619469026,0.7151702786377709,0.8771929824561403
530330026003,53033002600,176,231,150,50,92,21,0.7787610619469026,0.7151702786377709,0.8771929824561403
530330026004,53033002600,176,231,150,50,92,21,0.7787610619469026,0.7151702786377709,0.8771929824561403
530330027001,53033002700,304,165,58,42,22,0,0.8786127167630058,0.8823529411764706,1.0
530330027002,53033002700,304,165,58,42,22,0,0.8786127167630058,0.8823529411764706,1.0
530330027003,53033002700,304,165,58,42,22,0,0.8786127167630058,0.8823529411764706,1.0
530330027004,53033002700,304,165,58,42,22,0,0.8786127167630058,0.8823529411764706,1.0
530330028001,53033002800,155,136,90,22,103,80,0.8757062146892656,0.5690376569037657,0.5294117647058824
530330028002,53033002800,155,136,90,22,103,80,0.8757062146892656,0.5690376569037657,0.5294117647058824
530330028003,53033002800,155,136,90,22,103,80,0.8757062146892656,0.5690376569037657,0.5294117647058824
530330028004,53033002800,155,136,90,22,103,80,0.8757062146892656,0.5690376569037657,0.5294117647058824
530330029001,53033002900,100,213,104,121,55,25,0.45248868778280543,0.7947761194029851,0.8062015503875969
530330029002,53033002900,100,213,104,121,55,25,0.45248868778280543,0.7947761194029851,0.8062015503875969
530330029003,53033002900,100,213,104,121,55,25,0.45248868778280543,0.7947761194029851,0.8062015503875969
530330030001,53033003000,365,265,173,91,35,85,0.8004385964912281,0.8833333333333333,0.6705426356589147
530330030002,53033003000,365,265,173,91,35,85,0.8004385964912281,0.8833333333333333,0.6705426356589147
530330030003,53033003000,365,265,173,91,35,85,0.8004385964912281,0.8833333333333333,0.6705426356589147
530330030004,53033003000,365,265,173,91,35,85,0.8004385964912281,0.8833333333333333,0.6705426356589147
530330031001,53033003100,201,486,284,128,113,41,0.6109422492401215,0.8113522537562604,0.8738461538461538
530330031002,53033003100,201,486,284,128,113,41,0.6109422492401215,0.8113522537562604,0.8738461538461538
530330031003,53033003100,201,486,284,128,113,41,0.6109422492401215,0.8113522537562604,0.8738461538461538
530330031004,53033003100,201,486,284,128,113,41,0.6109422492401215,0.8113522537562604,0.8738461538461538
530330031005,53033003100,201,486,284,128,113,41,0.6109422492401215,0.8113522537562604,0.8738461538461538
530330032011,53033003201,27,113,80,34,47,0,0.4426229508196721,0.70625,1.0
530330032012,53033003201,27,113,80,34,47,0,0.4426229508196721,0.70625,1.0
530330032013,53033003201,27,113,80,34,47,0,0.4426229508196721,0.70625,1.0
530330032021,53033003202,254,307,110,24,0,0,0.9136690647482014,1.0,1.0
530330032022,53033003202,254,307,110,24,0,0,0.9136690647482014,1.0,1.0
530330032023,53033003202,254,307,110,24,0,0,0.9136690647482014,1.0,1.0
530330033011,53033003301,71,136,138,88,76,14,0.44654088050314467,0.6415094339622641,0.9078947368421053
530330033012,53033003301,71,136,138,88,76,14,0.44654088050314467,0.6415094339622641,0.9078947368421053
530330033013,53033003301,71,136,138,88,76,14,0.44654088050314467,0.6415094339622641,0.9078947368421053
530330033021,53033003302,87,146,54,22,0,0,0.7981651376146789,1.0,1.0
530330033022,53033003302,87,146,54,22,0,0,0.7981651376146789,1.0,1.0
530330033023,53033003302,87,146,54,22,0,0,0.7981651376146789,1.0,1.0
530330034001,53033003400,133,134,39,12,76,62,0.9172413793103448,0.638095238095238,0.38613861386138615
530330034002,53033003400,133,134,39,12,76,62,0.9172413793103448,0.638095238095238,0.38613861386138615
530330034003,53033003400,133,134,39,12,76,62,0.9172413793103448,0.638095238095238,0.38613861386138615
530330035001,53033003500,178,173,88,58,12,35,0.7542372881355932,0.9351351351351351,0.7154471544715447
530330035002,53033003500,178,173,88,58,12,35,0.7542372881355932,0.9351351351351351,0.7154471544715447
530330035003,53033003500,178,173,88,58,12,35,0.7542372881355932,0.9351351351351351,0.7154471544715447
530330036011,53033003601,53,102,90,31,0,29,0.6309523809523809,1.0,0.7563025210084033
530330036012,53033003601,53,102,90,31,0,29,0.6309523809523809,1.0,0.7563025210084033
530330036013,53033003601,53,102,90,31,0,29,0.6309523809523809,1.0,0.7563025210084033
530330036021,53033003602,0,14,54,0,0,49,,1.0,0.5242718446601942
530330036022,53033003602,0,14,54,0,0,49,,1.0,0.5242718446601942
530330036023,53033003602,0,14,54,0,0,49,,1.0,0.5242718446601942
530330038001,53033003800,132,169,94,8,29,9,0.9428571428571428,0.8535353535353535,0.912621359223301
530330038002,53033003800,132,169,94,8,29,9,0.9428571428571428,0.8535353535353535,0.912621359223301
530330039001,53033003900,128,237,122,66,73,123,0.6597938144329897,0.7645161290322581,0.49795918367346936
530330039002,53033003900,128,237,122,66,73,123,0.6597938144329897,0.7645161290322581,0.49795918367346936
530330040001,53033004000,152,270,95,91,24,42,0.6255144032921811,0.9183673469387755,0.6934306569343066
530330040002,53033004000,152,270,95,91,24,42,0.6255144032921811,0.9183673469387755,0.6934306569343066
530330041011,53033004101,131,123,128,194,166,37,0.40307692307692305,0.42560553633217996,0.7757575757575758
530330041012,53033004101,131,123,128,194,166,37,0.40307692307692305,0.42560553633217996,0.7757575757575758
530330041013,53033004101,131,123,128,194,166,37,0.40307692307692305,0.42560553633217996,0.7757575757575758
530330041021,53033004102,147,79,43,97,339,52,0.6024590163934426,0.18899521531100477,0.45263157894736844
530330041022,53033004102,147,79,43,97,339,52,0.6024590163934426,0.18899521531100477,0.45263157894736844
530330041023,53033004102,147,79,43,97,339,52,0.6024590163934426,0.18899521531100477,0.45263157894736844
530330042011,53033004201,72,112,106,149,162,79,0.3257918552036199,0.40875912408759124,0.572972972972973
530330042012,53033004201,72,112,106,149,162,79,0.3257918552036199,0.40875912408759124,0.572972972972973
530330042013,53033004201,72,112,106,149,162,79,0.3257918552036199,0.40875912408759124,0.572972972972973
530330042021,53033004202,218,181,123,27,0,23,0.889795918367347,1.0,0.8424657534246576
530330042022,53033004202,218,181,123,27,0,23,0.889795918367347,1.0,0.8424657534246576
530330042023,53033004202,218,181,123,27,0,23,0.889795918367347,1.0,0.8424657534246576
530330043011,53033004301,207,83,99,34,12,0,0.8589211618257261,0.8736842105263158,1.0
530330043012,53033004301,207,83,99,34,12,0,0.8589211618257261,0.8736842105263158,1.0
530330043013,53033004301,207,83,99,34,12,0,0.8589211618257261,0.8736842105263158,1.0
530330043021,53033004302,27,60,4,0,0,0,1.0,1.0,1.0
530330043022,53033004302,27,60,4,0,0,0,1.0,1.0,1.0
530330043023,53033004302,27,60,4,0,0,0,1.0,1.0,1.0
530330044011,53033004401,138,105,69,39,45,12,0.7796610169491526,0.7,0.8518518518518519
530330044012,53033004401,138,105,69,39,45,12,0.7796610169491526,0.7,0.8518518518518519
530330044013,53033004401,138,105,69,39,45,12,0.7796610169491526,0.7,0.8518518518518519
530330044021,53033004402,14,24,42,38,38,0,0.2692307692307692,0.3870967741935484,1.0
530330044022,53033004402,14,24,42,38,38,0,0.2692307692307692,0.3870967741935484,1.0
530330044023,53033004402,14,24,42,38,38,0,0.2692307692307692,0.3870967741935484,1.0
530330045001,53033004500,57,133,15,21,24,20,0.7307692307692307,0.8471337579617835,0.42857142857142855
530330045002,53033004500,57,133,15,21,24,20,0.7307692307692307,0.8471337579617835,0.42857142857142855
530330046001,53033004600,114,158,76,60,63,22,0.6551724137931034,0.7149321266968326,0.7755102040816326
530330046002,53033004600,114,158,76,60,63,22,0.6551724137931034,0.7149321266968326,0.7755102040816326
530330046003,53033004600,114,158,76,60,63,22,0.6551724137931034,0.7149321266968326,0.7755102040816326
530330047011,53033004701,0,0,18,35,0,0,0.0,,1.0
530330047012,53033004701,0,0,18,35,0,0,0.0,,1.0
530330047013,53033004701,0,0,18,35,0,0,0.0,,1.0
530330047021,53033004702,41,3,13,21,0,0,0.6612903225806451,1.0,1.0
530330047022,53033004702,41,3,13,21,0,0,0.6612903225806451,1.0,1.0
530330047023,53033004702,41,3,13,21,0,0,0.6612903225806451,1.0,1.0
530330047031,53033004703,149,178,28,0,75,0,1.0,0.7035573122529645,1.0
530330047032,53033004703,149,178,28,0,75,0,1.0,0.7035573122529645,1.0
530330047033,53033004703,149,178,28,0,75,0,1.0,0.7035573122529645,1.0
530330048001,53033004800,83,84,107,6,53,18,0.9325842696629213,0.6131386861313869,0.856
530330048002,53033004800,83,84,107,6,53,18,0.9325842696629213,0.6131386861313869,0.856
530330048003,53033004800,83,84,107,6,53,18,0.9325842696629213,0.6131386861313869,0.856
530330048004,53033004800,83,84,107,6,53,18,0.9325842696629213,0.6131386861313869,0.856
530330049011,53033004901,130,0,46,11,33,0,0.9219858156028369,0.0,1.0
530330049012,53033004901,130,0,46,11,33,0,0.9219858156028369,0.0,1.0
530330049013,53033004901,130,0,46,11,33,0,0.9219858156028369,0.0,1.0
530330049021,53033004902,98,57,21,19,20,0,0.8376068376068376,0.7402597402597403,1.0
530330049022,53033004902,98,57,21,19,20,0,0.8376068376068376,0.7402597402597403,1.0
530330050001,53033005000,232,203,26,0,14,0,1.0,0.9354838709677419,1.0
530330050002,53033005000,232,203,26,0,14,0,1.0,0.9354838709677419,1.0
530330050003,53033005000,232,203,26,0,14,0,1.0,0.9354838709677419,1.0
530330051001,53033005100,89,119,167,79,29,21,0.5297619047619048,0.8040540540540541,0.8882978723404256
530330051002,53033005100,89,119,167,79,29,21,0.5297619047619048,0.8040540540540541,0.8882978723404256
530330051003,53033005100,89,119,167,79,29,21,0.5297619047619048,0.8040540540540541,0.8882978723404256
530330052011,53033005201,27,88,89,60,0,12,0.3103448275862069,1.0,0.8811881188118812
530330052012,53033005201,27,88,89,60,0,12,0.3103448275862069,1.0,0.8811881188118812
530330052013,53033005201,27,88,89,60,0,12,0.3103448275862069,1.0,0.8811881188118812
530330052021,53033005202,26,0,0,0,0,0,1.0,,
530330052022,53033005202,26,0,0,0,0,0,1.0,,
530330052023,53033005202,26,0,0,0,0,0,1.0,,
530330053031,53033005303,0,4,23,0,0,0,,1.0,1.0
530330053032,53033005303,0,4,23,0,0,0,,1.0,1.0
530330053041,53033005304,0,0,77,0,0,0,,,1.0
530330053042,53033005304,0,0,77,0,0,0,,,1.0
530330053051,53033005305,30,0,0,0,0,0,1.0,,
530330053052,53033005305,30,0,0,0,0,0,1.0,,
530330053061,53033005306,22,0,41,0,0,0,1.0,,1.0
530330053062,53033005306,22,0,41,0,0,0,1.0,,1.0
530330053071,53033005307,0,0,2,0,0,0,,,1.0
530330053072,53033005307,0,0,2,0,0,0,,,1.0
530330053073,53033005307,0,0,2,0,0,0,,,1.0
530330054011,53033005401,0,65,0,0,0,0,,1.0,
530330054012,53033005401,0,65,0,0,0,0,,1.0,
530330054013,53033005401,0,65,0,0,0,0,,1.0,
530330054021,53033005402,0,0,11,19,19,0,0.0,0.0,1.0
530330054022,53033005402,0,0,11,19,19,0,0.0,0.0,1.0
530330054023,53033005402,0,0,11,19,19,0,0.0,0.0,1.0
530330056001,53033005600,478,300,79,143,216,27,0.7697262479871175,0.5813953488372093,0.7452830188679245
530330056002,53033005600,478,300,79,143,216,27,0.7697262479871175,0.5813953488372093,0.7452830188679245
530330056003,53033005600,478,300,79,143,216,27,0.7697262479871175,0.5813953488372093,0.7452830188679245
530330056004,53033005600,478,300,79,143,216,27,0.7697262479871175,0.5813953488372093,0.7452830188679245
530330056005,53033005600,478,300,79,143,216,27,0.7697262479871175,0.5813953488372093,0.7452830188679245
530330057001,53033005700,414,240,159,81,101,28,0.8363636363636363,0.7038123167155426,0.8502673796791443
530330057002,53033005700,414,240,159,81,101,28,0.8363636363636363,0.7038123167155426,0.8502673796791443
530330057003,53033005700,414,240,159,81,101,28,0.8363636363636363,0.7038123167155426,0.8502673796791443
530330057004,53033005700,414,240,159,81,101,28,0.8363636363636363,0.7038123167155426,0.8502673796791443
530330057005,53033005700,414,240,159,81,101,28,0.8363636363636363,0.7038123167155426,0.8502673796791443
530330058011,53033005801,168,109,72,45,53,70,0.7887323943661971,0.6728395061728395,0.5070422535211268
530330058012,53033005801,168,109,72,45,53,70,0.7887323943661971,0.6728395061728395,0.5070422535211268
530330058013,53033005801,168,109,72,45,53,70,0.7887323943661971,0.6728395061728395,0.5070422535211268
530330058014,53033005801,168,109,72,45,53,70,0.7887323943661971,0.6728395061728395,0.5070422535211268
530330058031,53033005803,93,121,0,69,12,0,0.5740740740740741,0.9097744360902256,
530330058032,53033005803,93,121,0,69,12,0,0.5740740740740741,0.9097744360902256,
530330058041,53033005804,38,24,12,11,11,12,0.7755102040816326,0.6857142857142857,0.5
530330058042,53033005804,38,24,12,11,11,12,0.7755102040816326,0.6857142857142857,0.5
530330059011,53033005901,101,68,5,11,0,0,0.9017857142857143,1.0,1.0
530330059012,53033005901,101,68,5,11,0,0,0.9017857142857143,1.0,1.0
530330059013,53033005901,101,68,5,11,0,0,0.9017857142857143,1.0,1.0
530330059021,53033005902,189,95,75,72,59,53,0.7241379310344828,0.6168831168831169,0.5859375
530330059022,53033005902,189,95,75,72,59,53,0.7241379310344828,0.6168831168831169,0.5859375
530330059023,53033005902,189,95,75,72,59,53,0.7241379310344828,0.6168831168831169,0.5859375
530330060001,53033006000,116,59,41,101,91,62,0.5345622119815668,0.3933333333333333,0.39805825242718446
530330060002,53033006000,116,59,41,101,91,62,0.5345622119815668,0.3933333333333333,0.39805825242718446
530330060003,53033006000,116,59,41,101,91,62,0.5345622119815668,0.3933333333333333,0.39805825242718446
530330060004,53033006000,116,59,41,101,91,62,0.5345622119815668,0.3933333333333333,0.39805825242718446
530330061001,53033006100,227,146,60,12,110,104,0.9497907949790795,0.5703125,0.36585365853658536
530330061002,53033006100,227,146,60,12,110,104,0.9497907949790795,0.5703125,0.36585365853658536
530330061003,53033006100,227,146,60,12,110,104,0.9497907949790795,0.5703125,0.36585365853658536
530330061004,53033006100,227,146,60,12,110,104,0.9497907949790795,0.5703125,0.36585365853658536
530330061005,53033006100,227,146,60,12,110,104,0.9497907949790795,0.5703125,0.36585365853658536
530330062001,53033006200,166,154,43,87,53,31,0.6561264822134387,0.7439613526570048,0.581081081081081
530330062002,53033006200,166,154,43,87,53,31,0.6561264822134387,0.7439613526570048,0.581081081081081
530330062003,53033006200,166,154,43,87,53,31,0.6561264822134387,0.7439613526570048,0.581081081081081
530330063001,53033006300,151,104,92,221,217,399,0.40591397849462363,0.32398753894080995,0.18737270875763748
530330063002,53033006300,151,104,92,221,217,399,0.40591397849462363,0.32398753894080995,0.18737270875763748
530330063003,53033006300,151,104,92,221,217,399,0.40591397849462363,0.32398753894080995,0.18737270875763748
530330063004,53033006300,151,104,92,221,217,399,0.40591397849462363,0.32398753894080995,0.18737270875763748
530330064001,53033006400,103,28,76,67,149,72,0.6058823529411764,0.15819209039548024,0.5135135135135135
530330064002,53033006400,103,28,76,67,149,72,0.6058823529411764,0.15819209039548024,0.5135135135135135
530330064003,53033006400,103,28,76,67,149,72,0.6058823529411764,0.15819209039548024,0.5135135135135135
530330065001,53033006500,15,37,28,98,16,36,0.13274336283185842,0.6981132075471698,0.4375
530330065002,53033006500,15,37,28,98,16,36,0.13274336283185842,0.6981132075471698,0.4375
530330065003,53033006500,15,37,28,98,16,36,0.13274336283185842,0.6981132075471698,0.4375
530330066001,53033006600,17,28,26,0,18,34,1.0,0.6086956521739131,0.43333333333333335
530330066002,53033006600,17,28,26,0,18,34,1.0,0.6086956521739131,0.43333333333333335
530330066003,53033006600,17,28,26,0,18,34,1.0,0.6086956521739131,0.43333333333333335
530330067011,53033006701,19,0,0,31,0,19,0.38,,0.0
530330067012,53033006701,19,0,0,31,0,19,0.38,,0.0
530330067013,53033006701,19,0,0,31,0,19,0.38,,0.0
530330067021,53033006702,0,0,0,0,0,0,,,
530330067022,53033006702,0,0,0,0,0,0,,,
530330067023,53033006702,0,0,0,0,0,0,,,
530330067031,53033006703,109,0,43,18,21,52,0.8582677165354331,0.0,0.45263157894736844
530330067032,53033006703,109,0,43,18,21,52,0.8582677165354331,0.0,0.45263157894736844
530330067033,53033006703,109,0,43,18,21,52,0.8582677165354331,0.0,0.45263157894736844
530330068001,53033006800,97,52,10,153,66,22,0.388,0.4406779661016949,0.3125
530330068002,53033006800,97,52,10,153,66,22,0.388,0.4406779661016949,0.3125
530330068003,53033006800,97,52,10,153,66,22,0.388,0.4406779661016949,0.3125
530330069001,53033006900,234,284,137,41,116,34,0.850909090909091,0.71,0.8011695906432749
530330069002,53033006900,234,284,137,41,116,34,0.850909090909091,0.71,0.8011695906432749
530330069003,53033006900,234,284,137,41,116,34,0.850909090909091,0.71,0.8011695906432749
530330070011,53033007001,0,0,0,0,17,0,,0.0,
530330070012,53033007001,0,0,0,0,17,0,,0.0,
530330070013,53033007001,0,0,0,0,17,0,,0.0,
530330070021,53033007002,77,28,17,0,0,0,1.0,1.0,1.0
530330070022,53033007002,77,28,17,0,0,0,1.0,1.0,1.0
530330070023,53033007002,77,28,17,0,0,0,1.0,1.0,1.0
530330071011,53033007101,0,0,0,54,0,0,0.0,,
530330071012,53033007101,0,0,0,54,0,0,0.0,,
530330071021,53033007102,0,0,0,0,0,0,,,
530330071022,53033007102,0,0,0,0,0,0,,,
530330072011,53033007201,0,0,0,0,0,0,,,
530330072012,53033007201,0,0,0,0,0,0,,,
530330072013,53033007201,0,0,0,0,0,0,,,
530330072021,53033007202,0,12,0,0,0,0,,1.0,
530330072022,53033007202,0,12,0,0,0,0,,1.0,
530330072023,53033007202,0,12,0,0,0,0,,1.0,
530330072031,53033007203,0,84,0,0,0,0,,1.0,
530330072032,53033007203,0,84,0,0,0,0,,1.0,
530330073011,53033007301,0,0,0,0,0,0,,,
530330073012,53033007301,0,0,0,0,0,0,,,
530330073013,53033007301,0,0,0,0,0,0,,,
530330073021,53033007302,0,0,0,0,53,0,,0.0,
530330073022,53033007302,0,0,0,0,53,0,,0.0,
530330073023,53033007302,0,0,0,0,53,0,,0.0,
530330073031,53033007303,62,6,27,0,0,0,1.0,1.0,1.0
530330073032,53033007303,62,6,27,0,0,0,1.0,1.0,1.0
530330073033,53033007303,62,6,27,0,0,0,1.0,1.0,1.0
530330074031,53033007403,0,0,0,0,0,0,,,
530330074032,53033007403,0,0,0,0,0,0,,,
530330074041,53033007404,10,0,0,0,0,0,1.0,,
530330074042,53033007404,10,0,0,0,0,0,1.0,,
530330074051,53033007405,0,0,0,0,0,0,,,
530330074052,53033007405,0,0,0,0,0,0,,,
530330074061,53033007406,0,0,0,0,0,0,,,
530330074062,53033007406,0,0,0,0,0,0,,,
530330075011,53033007501,69,84,0,0,0,0,1.0,1.0,
530330075012,53033007501,69,84,0,0,0,0,1.0,1.0,
530330075013,53033007501,69,84,0,0,0,0,1.0,1.0,
530330075021,53033007502,0,87,0,0,0,0,,1.0,
530330075022,53033007502,0,87,0,0,0,0,,1.0,
530330075023,53033007502,0,87,0,0,0,0,,1.0,
530330075031,53033007503,0,0,0,0,0,0,,,
530330075032,53033007503,0,0,0,0,0,0,,,
530330076001,53033007600,139,78,128,10,16,0,0.9328859060402684,0.8297872340425532,1.0
530330076002,53033007600,139,78,128,10,16,0,0.9328859060402684,0.8297872340425532,1.0
530330076003,53033007600,139,78,128,10,16,0,0.9328859060402684,0.8297872340425532,1.0
530330077001,53033007700,110,205,39,0,72,61,1.0,0.740072202166065,0.39
530330077002,53033007700,110,205,39,0,72,61,1.0,0.740072202166065,0.39
530330077003,53033007700,110,205,39,0,72,61,1.0,0.740072202166065,0.39
530330077004,53033007700,110,205,39,0,72,61,1.0,0.740072202166065,0.39
530330078001,53033007800,309,121,133,151,111,133,0.6717391304347826,0.521551724137931,0.5
530330078002,53033007800,309,121,133,151,111,133,0.6717391304347826,0.521551724137931,0.5
530330078003,53033007800,309,121,133,151,111,133,0.6717391304347826,0.521551724137931,0.5
530330078004,53033007800,309,121,133,151,111,133,0.6717391304347826,0.521551724137931,0.5
530330079011,53033007901,0,12,26,0,0,0,,1.0,1.0
530330079012,53033007901,0,12,26,0,0,0,,1.0,1.0
530330079021,53033007902,42,77,60,0,70,38,1.0,0.5238095238095238,0.6122448979591837
530330079022,53033007902,42,77,60,0,70,38,1.0,0.5238095238095238,0.6122448979591837
530330079023,53033007902,42,77,60,0,70,38,1.0,0.5238095238095238,0.6122448979591837
530330080021,53033008002,22,29,52,0,0,0,1.0,1.0,1.0
530330080022,53033008002,22,29,52,0,0,0,1.0,1.0,1.0
530330080023,53033008002,22,29,52,0,0,0,1.0,1.0,1.0
530330080031,53033008003,0,28,0,0,0,0,,1.0,
530330080032,53033008003,0,28,0,0,0,0,,1.0,
530330080033,53033008003,0,28,0,0,0,0,,1.0,
530330080041,53033008004,31,0,0,0,0,0,1.0,,
530330080042,53033008004,31,0,0,0,0,0,1.0,,
530330080043,53033008004,31,0,0,0,0,0,1.0,,
530330081011,53033008101,0,0,0,0,0,0,,,
530330081012,53033008101,0,0,0,0,0,0,,,
530330081013,53033008101,0,0,0,0,0,0,,,
530330081021,53033008102,58,0,0,0,0,30,1.0,,0.0
530330081022,53033008102,58,0,0,0,0,30,1.0,,0.0
530330082001,53033008200,11,0,0,0,17,0,1.0,0.0,
530330082002,53033008200,11,0,0,0,17,0,1.0,0.0,
530330082003,53033008200,11,0,0,0,17,0,1.0,0.0,
530330083001,53033008300,20,9,14,0,4,0,1.0,0.6923076923076923,1.0
530330083002,53033008300,20,9,14,0,4,0,1.0,0.6923076923076923,1.0
530330084011,53033008401,117,31,31,0,0,0,1.0,1.0,1.0
530330084012,53033008401,117,31,31,0,0,0,1.0,1.0,1.0
530330084013,53033008401,117,31,31,0,0,0,1.0,1.0,1.0
530330084021,53033008402,0,0,0,0,0,0,,,
530330084022,53033008402,0,0,0,0,0,0,,,
530330084023,53033008402,0,0,0,0,0,0,,,
530330085001,53033008500,66,195,0,8,8,0,0.8918918918918919,0.9605911330049262,
530330085002,53033008500,66,195,0,8,8,0,0.8918918918918919,0.9605911330049262,
530330085003,53033008500,66,195,0,8,8,0,0.8918918918918919,0.9605911330049262,
530330086001,53033008600,0,25,51,0,0,17,,1.0,0.75
530330086002,53033008600,0,25,51,0,0,17,,1.0,0.75
530330086003,53033008600,0,25,51,0,0,17,,1.0,0.75
530330086004,53033008600,0,25,51,0,0,17,,1.0,0.75
530330087001,53033008700,23,31,75,55,0,0,0.2948717948717949,1.0,1.0
530330087002,53033008700,23,31,75,55,0,0,0.2948717948717949,1.0,1.0
530330087003,53033008700,23,31,75,55,0,0,0.2948717948717949,1.0,1.0
530330088001,53033008800,259,43,35,88,64,68,0.7463976945244957,0.40186915887850466,0.33980582524271846
530330088002,53033008800,259,43,35,88,64,68,0.7463976945244957,0.40186915887850466,0.33980582524271846
530330088003,53033008800,259,43,35,88,64,68,0.7463976945244957,0.40186915887850466,0.33980582524271846
530330089001,53033008900,283,204,204,11,83,27,0.9625850340136054,0.710801393728223,0.8831168831168831
530330089002,53033008900,283,204,204,11,83,27,0.9625850340136054,0.710801393728223,0.8831168831168831
530330089003,53033008900,283,204,204,11,83,27,0.9625850340136054,0.710801393728223,0.8831168831168831
530330089004,53033008900,283,204,204,11,83,27,0.9625850340136054,0.710801393728223,0.8831168831168831
530330090001,53033009000,78,136,52,22,19,0,0.78,0.8774193548387097,1.0
530330090002,53033009000,78,136,52,22,19,0,0.78,0.8774193548387097,1.0
530330090003,53033009000,78,136,52,22,19,0,0.78,0.8774193548387097,1.0
530330091001,53033009100,27,60,51,0,0,0,1.0,1.0,1.0
530330091002,53033009100,27,60,51,0,0,0,1.0,1.0,1.0
530330092001,53033009200,40,22,65,0,0,0,1.0,1.0,1.0
530330092002,53033009200,40,22,65,0,0,0,1.0,1.0,1.0
530330093001,53033009300,13,87,88,0,0,0,1.0,1.0,1.0
530330093002,53033009300,13,87,88,0,0,0,1.0,1.0,1.0
530330093003,53033009300,13,87,88,0,0,0,1.0,1.0,1.0
530330094001,53033009400,31,89,119,76,27,0,0.2897196261682243,0.7672413793103449,1.0
530330094002,53033009400,31,89,119,76,27,0,0.2897196261682243,0.7672413793103449,1.0
530330094003,53033009400,31,89,119,76,27,0,0.2897196261682243,0.7672413793103449,1.0
530330094004,53033009400,31,89,119,76,27,0,0.2897196261682243,0.7672413793103449,1.0
530330094005,53033009400,31,89,119,76,27,0,0.2897196261682243,0.7672413793103449,1.0
530330095001,53033009500,213,359,104,113,120,49,0.6533742331288344,0.7494780793319415,0.6797385620915033
530330095002,53033009500,213,359,104,113,120,49,0.6533742331288344,0.7494780793319415,0.6797385620915033
530330095003,53033009500,213,359,104,113,120,49,0.6533742331288344,0.7494780793319415,0.6797385620915033
530330095004,53033009500,213,359,104,113,120,49,0.6533742331288344,0.7494780793319415,0.6797385620915033
530330096001,53033009600,107,59,139,61,111,12,0.6369047619047619,0.34705882352941175,0.9205298013245033
530330096002,53033009600,107,59,139,61,111,12,0.6369047619047619,0.34705882352941175,0.9205298013245033
530330096003,53033009600,107,59,139,61,111,12,0.6369047619047619,0.34705882352941175,0.9205298013245033
530330096004,53033009600,107,59,139,61,111,12,0.6369047619047619,0.34705882352941175,0.9205298013245033
530330097011,53033009701,180,90,90,121,120,42,0.5980066445182725,0.42857142857142855,0.6818181818181818
530330097012,53033009701,180,90,90,121,120,42,0.5980066445182725,0.42857142857142855,0.6818181818181818
530330097013,53033009701,180,90,90,121,120,42,0.5980066445182725,0.42857142857142855,0.6818181818181818
530330097014,53033009701,180,90,90,121,120,42,0.5980066445182725,0.42857142857142855,0.6818181818181818
530330097021,53033009702,292,320,154,109,93,111,0.7281795511221946,0.774818401937046,0.5811320754716981
530330097022,53033009702,292,320,154,109,93,111,0.7281795511221946,0.774818401937046,0.5811320754716981
530330097023,53033009702,292,320,154,109,93,111,0.7281795511221946,0.774818401937046,0.5811320754716981
530330097024,53033009702,292,320,154,109,93,111,0.7281795511221946,0.774818401937046,0.5811320754716981
530330098011,53033009801,62,166,66,131,16,57,0.32124352331606215,0.9120879120879121,0.5365853658536586
530330098012,53033009801,62,166,66,131,16,57,0.32124352331606215,0.9120879120879121,0.5365853658536586
530330098013,53033009801,62,166,66,131,16,57,0.32124352331606215,0.9120879120879121,0.5365853658536586
530330098021,53033009802,155,128,61,0,24,0,1.0,0.8421052631578947,1.0
530330098022,53033009802,155,128,61,0,24,0,1.0,0.8421052631578947,1.0
530330098023,53033009802,155,128,61,0,24,0,1.0,0.8421052631578947,1.0
530330099001,53033009900,93,46,70,13,75,0,0.8773584905660378,0.38016528925619836,1.0
530330099002,53033009900,93,46,70,13,75,0,0.8773584905660378,0.38016528925619836,1.0
530330099003,53033009900,93,46,70,13,75,0,0.8773584905660378,0.38016528925619836,1.0
530330099004,53033009900,93,46,70,13,75,0,0.8773584905660378,0.38016528925619836,1.0
530330100011,53033010001,197,180,122,0,11,10,1.0,0.9424083769633508,0.9242424242424242
530330100012,53033010001,197,180,122,0,11,10,1.0,0.9424083769633508,0.9242424242424242
530330100013,53033010001,197,180,122,0,11,10,1.0,0.9424083769633508,0.9242424242424242
530330100021,53033010002,157,93,90,25,34,0,0.8626373626373627,0.7322834645669292,1.0
530330100022,53033010002,157,93,90,25,34,0,0.8626373626373627,0.7322834645669292,1.0
530330100023,53033010002,157,93,90,25,34,0,0.8626373626373627,0.7322834645669292,1.0
530330101011,53033010101,198,229,54,111,118,0,0.6407766990291263,0.659942363112392,1.0
530330101012,53033010101,198,229,54,111,118,0,0.6407766990291263,0.659942363112392,1.0
530330101013,53033010101,198,229,54,111,118,0,0.6407766990291263,0.659942363112392,1.0
530330101021,53033010102,53,174,69,137,102,0,0.2789473684210526,0.6304347826086957,1.0
530330101022,53033010102,53,174,69,137,102,0,0.2789473684210526,0.6304347826086957,1.0
530330101023,53033010102,53,174,69,137,102,0,0.2789473684210526,0.6304347826086957,1.0
530330102001,53033010200,164,283,136,106,150,16,0.6074074074074074,0.6535796766743649,0.8947368421052632
530330102002,53033010200,164,283,136,106,150,16,0.6074074074074074,0.6535796766743649,0.8947368421052632
530330102003,53033010200,164,283,136,106,150,16,0.6074074074074074,0.6535796766743649,0.8947368421052632
530330102004,53033010200,164,283,136,106,150,16,0.6074074074074074,0.6535796766743649,0.8947368421052632
530330103011,53033010301,302,116,78,0,25,0,1.0,0.8226950354609929,1.0
530330103012,53033010301,302,116,78,0,25,0,1.0,0.8226950354609929,1.0
530330103013,53033010301,302,116,78,0,25,0,1.0,0.8226950354609929,1.0
530330103021,53033010302,128,55,45,0,76,0,1.0,0.4198473282442748,1.0
530330103022,53033010302,128,55,45,0,76,0,1.0,0.4198473282442748,1.0
530330103023,53033010302,128,55,45,0,76,0,1.0,0.4198473282442748,1.0
530330104011,53033010401,184,245,105,21,11,0,0.8975609756097561,0.95703125,1.0
530330104012,53033010401,184,245,105,21,11,0,0.8975609756097561,0.95703125,1.0
530330104013,53033010401,184,245,105,21,11,0,0.8975609756097561,0.95703125,1.0
530330104021,53033010402,295,159,100,0,21,11,1.0,0.8833333333333333,0.9009009009009009
530330104022,53033010402,295,159,100,0,21,11,1.0,0.8833333333333333,0.9009009009009009
530330104023,53033010402,295,159,100,0,21,11,1.0,0.8833333333333333,0.9009009009009009
530330104024,53033010402,295,159,100,0,21,11,1.0,0.8833333333333333,0.9009009009009009
530330105011,53033010501,97,93,20,49,44,0,0.6643835616438356,0.6788321167883211,1.0
530330105012,53033010501,97,93,20,49,44,0,0.6643835616438356,0.6788321167883211,1.0
530330105013,53033010501,97,93,20,49,44,0,0.6643835616438356,0.6788321167883211,1.0
530330105021,53033010502,60,102,12,48,84,52,0.5555555555555556,0.5483870967741935,0.1875
530330105022,53033010502,60,102,12,48,84,52,0.5555555555555556,0.5483870967741935,0.1875
530330105023,53033010502,60,102,12,48,84,52,0.5555555555555556,0.5483870967741935,0.1875
530330105024,53033010502,60,102,12,48,84,52,0.5555555555555556,0.5483870967741935,0.1875
530330106011,53033010601,138,138,0,37,18,0,0.7885714285714286,0.8846153846153846,
530330106012,53033010601,138,138,0,37,18,0,0.7885714285714286,0.8846153846153846,
530330106013,53033010601,138,138,0,37,18,0,0.7885714285714286,0.8846153846153846,
530330106021,53033010602,139,172,111,54,47,0,0.7202072538860104,0.7853881278538812,1.0
530330106022,53033010602,139,172,111,54,47,0,0.7202072538860104,0.7853881278538812,1.0
530330106023,53033010602,139,172,111,54,47,0,0.7202072538860104,0.7853881278538812,1.0
530330107011,53033010701,206,143,96,8,44,32,0.9626168224299065,0.7647058823529411,0.75
530330107012,53033010701,206,143,96,8,44,32,0.9626168224299065,0.7647058823529411,0.75
530330107013,53033010701,206,143,96,8,44,32,0.9626168224299065,0.7647058823529411,0.75
530330107021,53033010702,459,481,44,0,38,21,1.0,0.9267822736030829,0.676923076923077
530330107022,53033010702,459,481,44,0,38,21,1.0,0.9267822736030829,0.676923076923077
530330107023,53033010702,459,481,44,0,38,21,1.0,0.9267822736030829,0.676923076923077
530330108001,53033010800,223,244,99,49,32,31,0.8198529411764706,0.8840579710144928,0.7615384615384615
530330108002,53033010800,223,244,99,49,32,31,0.8198529411764706,0.8840579710144928,0.7615384615384615
530330108003,53033010800,223,244,99,49,32,31,0.8198529411764706,0.8840579710144928,0.7615384615384615
530330109001,53033010900,7,19,0,27,0,0,0.20588235294117646,1.0,
530330109002,53033010900,7,19,0,27,0,0,0.20588235294117646,1.0,
530330110011,53033011001,301,112,110,106,113,0,0.7395577395577395,0.49777777777777776,1.0
530330110012,53033011001,301,112,110,106,113,0,0.7395577395577395,0.49777777777777776,1.0
530330110013,53033011001,301,112,110,106,113,0,0.7395577395577395,0.49777777777777776,1.0
530330110021,53033011002,207,492,212,0,40,0,1.0,0.924812030075188,1.0
530330110022,53033011002,207,492,212,0,40,0,1.0,0.924812030075188,1.0
530330110023,53033011002,207,492,212,0,40,0,1.0,0.924812030075188,1.0
530330111011,53033011101,182,71,10,12,40,7,0.9381443298969072,0.6396396396396397,0.5882352941176471
530330111012,53033011101,182,71,10,12,40,7,0.9381443298969072,0.6396396396396397,0.5882352941176471
530330111013,53033011101,182,71,10,12,40,7,0.9381443298969072,0.6396396396396397,0.5882352941176471
530330111014,53033011101,182,71,10,12,40,7,0.9381443298969072,0.6396396396396397,0.5882352941176471
530330111021,53033011102,260,194,250,125,204,43,0.6753246753246753,0.48743718592964824,0.8532423208191127
530330111022,53033011102,260,194,250,125,204,43,0.6753246753246753,0.48743718592964824,0.8532423208191127
530330111023,53033011102,260,194,250,125,204,43,0.6753246753246753,0.48743718592964824,0.8532423208191127
530330111024,53033011102,260,194,250,125,204,43,0.6753246753246753,0.48743718592964824,0.8532423208191127
530330112001,53033011200,159,204,266,7,21,12,0.9578313253012049,0.9066666666666666,0.9568345323741008
530330112002,53033011200,159,204,266,7,21,12,0.9578313253012049,0.9066666666666666,0.9568345323741008
530330112003,53033011200,159,204,266,7,21,12,0.9578313253012049,0.9066666666666666,0.9568345323741008
530330113001,53033011300,234,256,295,57,26,0,0.8041237113402062,0.9078014184397163,1.0
530330113002,53033011300,234,256,295,57,26,0,0.8041237113402062,0.9078014184397163,1.0
530330113003,53033011300,234,256,295,57,26,0,0.8041237113402062,0.9078014184397163,1.0
530330113004,53033011300,234,256,295,57,26,0,0.8041237113402062,0.9078014184397163,1.0
530330113005,53033011300,234,256,295,57,26,0,0.8041237113402062,0.9078014184397163,1.0
530330114011,53033011401,115,234,159,19,0,15,0.8582089552238806,1.0,0.9137931034482759
530330114012,53033011401,115,234,159,19,0,15,0.8582089552238806,1.0,0.9137931034482759
530330114013,53033011401,115,234,159,19,0,15,0.8582089552238806,1.0,0.9137931034482759
530330114021,53033011402,149,190,160,0,0,22,1.0,1.0,0.8791208791208791
530330114022,53033011402,149,190,160,0,0,22,1.0,1.0,0.8791208791208791
530330114023,53033011402,149,190,160,0,0,22,1.0,1.0,0.8791208791208791
530330115001,53033011500,167,271,64,42,16,8,0.7990430622009569,0.9442508710801394,0.8888888888888888
530330115002,53033011500,167,271,64,42,16,8,0.7990430622009569,0.9442508710801394,0.8888888888888888
530330115003,53033011500,167,271,64,42,16,8,0.7990430622009569,0.9442508710801394,0.8888888888888888
530330116011,53033011601,69,126,82,42,72,28,0.6216216216216216,0.6363636363636364,0.7454545454545455
530330116012,53033011601,69,126,82,42,72,28,0.6216216216216216,0.6363636363636364,0.7454545454545455
530330116021,53033011602,98,231,55,35,65,14,0.7368421052631579,0.7804054054054054,0.7971014492753623
530330116022,53033011602,98,231,55,35,65,14,0.7368421052631579,0.7804054054054054,0.7971014492753623
530330116023,53033011602,98,231,55,35,65,14,0.7368421052631579,0.7804054054054054,0.7971014492753623
530330117001,53033011700,125,237,160,11,7,0,0.9191176470588235,0.9713114754098361,1.0
530330117002,53033011700,125,237,160,11,7,0,0.9191176470588235,0.9713114754098361,1.0
530330117003,53033011700,125,237,160,11,7,0,0.9191176470588235,0.9713114754098361,1.0
530330117004,53033011700,125,237,160,11,7,0,0.9191176470588235,0.9713114754098361,1.0
530330118011,53033011801,17,206,157,38,0,24,0.3090909090909091,1.0,0.8674033149171271
530330118012,53033011801,17,206,157,38,0,24,0.3090909090909091,1.0,0.8674033149171271
530330118013,53033011801,17,206,157,38,0,24,0.3090909090909091,1.0,0.8674033149171271
530330118021,53033011802,515,383,113,0,0,0,1.0,1.0,1.0
530330118022,53033011802,515,383,113,0,0,0,1.0,1.0,1.0
530330118023,53033011802,515,383,113,0,0,0,1.0,1.0,1.0
530330119011,53033011901,194,126,24,43,0,0,0.8185654008438819,1.0,1.0
530330119012,53033011901,194,126,24,43,0,0,0.8185654008438819,1.0,1.0
530330119013,53033011901,194,126,24,43,0,0,0.8185654008438819,1.0,1.0
530330119021,53033011902,160,115,43,11,0,29,0.935672514619883,1.0,0.5972222222222222
530330119022,53033011902,160,115,43,11,0,29,0.935672514619883,1.0,0.5972222222222222
530330119023,53033011902,160,115,43,11,0,29,0.935672514619883,1.0,0.5972222222222222
530330120001,53033012000,111,235,127,27,28,0,0.8043478260869565,0.8935361216730038,1.0
530330120002,53033012000,111,235,127,27,28,0,0.8043478260869565,0.8935361216730038,1.0
530330120003,53033012000,111,235,127,27,28,0,0.8043478260869565,0.8935361216730038,1.0
530330121001,53033012100,92,103,26,105,148,0,0.467005076142132,0.4103585657370518,1.0
530330121002,53033012100,92,103,26,105,148,0,0.467005076142132,0.4103585657370518,1.0
530330209002,53033020900,205,63,94,105,28,13,0.6612903225806451,0.6923076923076923,0.8785046728971962
530330209003,53033020900,205,63,94,105,28,13,0.6612903225806451,0.6923076923076923,0.8785046728971962
530330210001,53033021000,122,133,102,37,36,29,0.7672955974842768,0.7869822485207101,0.7786259541984732
530330210002,53033021000,122,133,102,37,36,29,0.7672955974842768,0.7869822485207101,0.7786259541984732
530330210003,53033021000,122,133,102,37,36,29,0.7672955974842768,0.7869822485207101,0.7786259541984732
530330211002,53033021100,124,132,77,14,0,0,0.8985507246376812,1.0,1.0
530330211003,53033021100,124,132,77,14,0,0,0.8985507246376812,1.0,1.0
530330213001,53033021300,136,50,72,8,13,12,0.9444444444444444,0.7936507936507936,0.8571428571428571
530330213002,53033021300,136,50,72,8,13,12,0.9444444444444444,0.7936507936507936,0.8571428571428571
530330253023,53033025302,21,77,0,23,0,41,0.4772727272727273,1.0,0.0
530330260011,53033026001,271,129,134,28,0,0,0.9063545150501672,1.0,1.0
530330261011,53033026101,225,58,37,91,51,0,0.7120253164556962,0.5321100917431193,1.0
530330261012,53033026101,225,58,37,91,51,0,0.7120253164556962,0.5321100917431193,1.0
530330261021,53033026102,354,143,18,113,0,0,0.7580299785867237,1.0,1.0
530330263001,53033026300,124,80,36,8,4,0,0.9393939393939394,0.9523809523809523,1.0
530330264001,53033026400,437,545,315,0,15,16,1.0,0.9732142857142857,0.9516616314199395
530330264003,53033026400,437,545,315,0,15,16,1.0,0.9732142857142857,0.9516616314199395
530330264004,53033026400,437,545,315,0,15,16,1.0,0.9732142857142857,0.9516616314199395
530330265001,53033026500,430,311,161,32,74,12,0.9307359307359307,0.8077922077922078,0.930635838150289
530330265002,53033026500,430,311,161,32,74,12,0.9307359307359307,0.8077922077922078,0.930635838150289
530330266001,53033026600,70,50,48,3,5,0,0.958904109589041,0.9090909090909091,1.0
530330266002,53033026600,70,50,48,3,5,0,0.958904109589041,0.9090909090909091,1.0
530330267004,53033026700,499,167,473,24,95,87,0.9541108986615678,0.6374045801526718,0.8446428571428571
