GEOID,age_5_9,age_10_14,age_15_17,age_5_17
530330001011,0,0,0,0
530330001012,0,21,0,21
530330001013,76,96,19,191
530330001021,55,103,38,196
530330001022,12,11,13,36
530330001023,99,11,0,110
530330002011,30,95,45,170
530330002012,28,141,60,229
530330002013,73,50,43,166
530330002021,164,58,0,222
530330002022,106,66,0,172
530330002023,72,59,71,202
530330003001,73,83,34,190
530330003002,42,88,100,230
530330004021,26,19,18,63
530330004022,160,125,19,304
530330004023,67,89,24,180
530330004024,13,18,0,31
530330004031,161,25,32,218
530330004032,31,12,0,43
530330004041,0,119,106,225
530330004042,78,186,46,310
530330004043,62,34,37,133
530330005001,180,128,58,366
530330005002,103,70,126,299
530330006011,50,25,0,75
530330006012,36,54,13,103
530330006013,124,29,0,153
530330006021,25,29,27,81
530330006022,120,54,26,200
530330006023,95,77,20,192
530330007001,22,0,0,22
530330007002,152,0,21,173
530330007003,0,18,26,44
530330007004,61,27,11,99
530330008001,65,20,42,127
530330008002,67,127,18,212
530330009001,57,35,34,126
530330009002,86,39,11,136
530330010001,87,57,75,219
530330010002,31,86,30,147
530330011001,78,100,51,229
530330011002,96,38,25,159
530330012011,38,20,16,74
530330012012,0,75,33,108
530330012013,0,19,0,19
530330012021,104,69,0,173
530330012022,25,6,40,71
530330012023,95,29,28,152
530330013001,31,73,27,131
530330013002,11,21,0,32
530330013003,0,14,37,51
530330014001,29,11,0,40
530330014002,222,62,46,330
530330014003,0,0,0,0
530330014004,108,111,59,278
530330015001,52,7,0,59
530330015002,37,73,40,150
530330016001,85,94,97,276
530330016002,121,205,102,428
530330016003,119,93,24,236
530330017011,0,0,0,0
530330017012,0,85,0,85
530330017013,15,16,14,45
530330017021,0,26,0,26
530330017022,55,28,45,128
530330017023,13,41,28,82
530330017024,96,85,17,198
530330018001,81,88,33,202
530330018002,0,0,0,0
530330018003,0,0,25,25
530330019001,98,15,82,195
530330019002,73,41,60,174
530330019003,14,0,0,14
530330019004,118,17,31,166
530330020001,107,63,31,201
530330020002,0,76,53,129
530330020003,86,55,36,177
530330021001,50,66,46,162
530330021002,69,119,104,292
530330021003,39,28,43,110
530330022001,174,147,133,454
530330022002,157,96,26,279
530330022003,73,24,31,128
530330022004,70,41,14,125
530330024001,96,80,54,230
530330024002,72,113,50,235
530330025001,96,92,25,213
530330025002,168,78,22,268
530330026001,74,96,0,170
530330026002,87,137,66,290
530330026003,27,50,12,89
530330026004,38,40,93,171
530330027001,186,0,0,186
530330027002,26,11,16,53
530330027003,18,80,12,110
530330027004,116,96,30,242
530330028001,71,35,29,135
530330028002,35,26,65,126
530330028003,57,92,16,165
530330028004,14,86,60,160
530330029001,72,41,10,123
530330029002,68,51,94,213
530330029003,81,176,25,282
530330030001,124,86,148,358
530330030002,154,87,18,259
530330030003,72,117,0,189
530330030004,106,10,92,208
530330031001,72,63,19,154
530330031002,45,121,163,329
530330031003,10,107,68,185
530330031004,83,170,23,276
530330031005,119,138,52,309
530330032011,0,22,17,39
530330032012,61,138,63,262
530330032013,13,0,0,13
530330032021,0,35,0,35
530330032022,152,157,32,341
530330032023,126,115,78,319
530330033011,58,29,36,123
530330033012,0,62,116,178
530330033013,101,121,0,222
530330033021,49,81,25,155
530330033022,26,0,20,46
530330033023,34,65,9,108
530330034001,42,61,19,122
530330034002,118,94,63,275
530330034003,34,67,19,120
530330035001,96,108,18,222
530330035002,77,48,79,204
530330035003,63,29,26,118
530330036011,0,64,43,107
530330036012,69,38,22,129
530330036013,15,0,54,69
530330036021,0,0,49,49
530330036022,0,0,54,54
530330036023,0,14,0,14
530330038001,64,138,77,279
530330038002,76,60,26,162
530330039001,141,178,200,519
530330039002,53,132,45,230
530330040001,146,133,111,390
530330040002,97,161,26,284
530330041011,103,176,35,314
530330041012,172,68,78,318
530330041013,59,45,52,156
530330041021,25,106,44,175
530330041022,155,139,28,322
530330041023,64,173,23,260
530330042011,90,114,98,302
530330042012,70,57,38,165
530330042013,61,103,49,213
530330042021,76,8,34,118
530330042022,110,59,65,234
530330042023,59,114,47,220
530330043011,112,20,11,143
530330043012,78,6,59,143
530330043013,51,69,29,149
530330043021,27,16,31,74
530330043022,0,44,4,48
530330043023,0,0,0,0
530330044011,113,56,0,169
530330044012,52,83,55,190
530330044013,12,11,26,49
530330044021,14,14,42,70
530330044022,0,10,0,10
530330044023,38,38,0,76
530330045001,0,0,0,0
530330045002,94,173,35,302
530330046001,0,78,33,111
530330046002,130,123,35,288
530330046003,56,20,30,106
530330047011,35,0,0,35
530330047012,0,0,0,0
530330047013,0,0,18,18
530330047021,24,3,0,27
530330047022,38,0,0,38
530330047023,0,0,13,13
530330047031,134,144,28,306
530330047032,15,0,0,15
530330047033,15,109,0,124
530330048001,43,2,56,101
530330048002,76,76,69,221
530330048003,0,0,0,0
530330048004,23,59,0,82
530330049011,13,0,0,13
530330049012,116,33,0,149
530330049013,12,0,46,58
530330049021,117,77,21,215
530330049022,0,0,0,0
530330050001,137,155,20,312
530330050002,81,26,0,107
530330050003,14,36,6,56
530330051001,34,60,80,174
530330051002,73,50,108,231
530330051003,76,38,0,114
530330052011,61,16,48,125
530330052012,26,72,66,164
530330052013,0,0,0,0
530330052021,0,0,0,0
530330052022,26,0,0,26
530330052023,0,0,0,0
530330053031,0,4,0,4
530330053032,0,0,23,23
530330053041,0,0,9,9
530330053042,0,0,68,68
530330053051,30,0,0,30
530330053052,0,0,0,0
530330053061,22,0,41,63
530330053062,0,0,0,0
530330053071,0,0,0,0
530330053072,0,0,2,2
530330053073,0,0,0,0
530330054011,0,0,0,0
530330054012,0,65,0,65
530330054013,0,0,0,0
530330054021,19,19,0,38
530330054022,0,0,11,11
530330054023,0,0,0,0
530330056001,211,93,22,326
530330056002,10,62,36,108
530330056003,47,183,4,234
530330056004,276,125,8,409
530330056005,98,53,36,187
530330057001,262,97,87,446
530330057002,18,35,64,117
530330057003,104,120,21,245
530330057004,42,27,26,95
530330057005,95,62,18,175
530330058011,93,42,54,189
530330058012,30,78,20,128
530330058013,62,39,52,153
530330058014,28,3,16,47
530330058031,96,69,0,165
530330058032,66,64,0,130
530330058041,49,22,12,83
530330058042,0,13,12,25
530330059011,84,35,0,119
530330059012,28,20,5,53
530330059013,0,13,0,13
530330059021,84,42,49,175
530330059022,139,65,48,252
530330059023,38,47,31,116
530330060001,0,0,0,0
530330060002,35,115,82,232
530330060003,166,68,32,266
530330060004,16,0,0,16
530330061001,21,155,103,279
530330061002,147,67,27,241
530330061003,36,0,0,36
530330061004,35,0,18,53
530330061005,0,34,16,50
530330062001,114,56,24,194
530330062002,86,114,44,244
530330062003,56,37,6,99
530330063001,99,61,324,484
530330063002,108,121,35,264
530330063003,88,17,10,115
530330063004,77,122,122,321
530330064001,47,76,25,148
530330064002,54,30,59,143
530330064003,69,71,64,204
530330065001,63,37,28,128
530330065002,0,0,36,36
530330065003,58,16,0,74
530330066001,0,0,0,0
530330066002,0,13,0,13
530330066003,17,33,60,110
530330067011,0,0,19,19
530330067012,50,0,0,50
530330067013,0,0,0,0
530330067021,0,0,0,0
530330067022,0,0,0,0
530330067023,0,0,0,0
530330067031,127,21,52,200
530330067032,0,0,10,10
530330067033,0,0,33,33
530330068001,83,77,16,176
530330068002,101,10,6,117
530330068003,70,31,10,111
530330069001,19,195,73,287
530330069002,176,71,47,294
530330069003,80,134,55,269
530330070011,0,17,0,17
530330070012,0,0,0,0
530330070013,0,0,0,0
530330070021,0,13,0,13
530330070022,77,0,0,77
530330070023,0,15,17,32
530330071011,54,0,0,54
530330071012,0,0,0,0
530330071021,0,0,0,0
530330071022,0,0,0,0
530330072011,0,0,0,0
530330072012,0,0,0,0
530330072013,0,0,0,0
530330072021,0,0,0,0
530330072022,0,12,0,12
530330072023,0,0,0,0
530330072031,0,0,0,0
530330072032,0,84,0,84
530330073011,0,0,0,0
530330073012,0,0,0,0
530330073013,0,0,0,0
530330073021,0,0,0,0
530330073022,0,0,0,0
530330073023,0,53,0,53
530330073031,28,0,0,28
530330073032,34,6,27,67
530330073033,0,0,0,0
530330074031,0,0,0,0
530330074032,0,0,0,0
530330074041,10,0,0,10
530330074042,0,0,0,0
530330074051,0,0,0,0
530330074052,0,0,0,0
530330074061,0,0,0,0
530330074062,0,0,0,0
530330075011,20,0,0,20
530330075012,0,0,0,0
530330075013,49,84,0,133
530330075021,0,87,0,87
530330075022,0,0,0,0
530330075023,0,0,0,0
530330075031,0,0,0,0
530330075032,0,0,0,0
530330076001,70,16,0,86
530330076002,73,78,128,279
530330076003,6,0,0,6
530330077001,67,184,100,351
530330077002,43,25,0,68
530330077003,0,107,0,107
530330077004,0,0,0,0
530330078001,20,0,21,41
530330078002,243,74,102,419
530330078003,77,79,68,224
530330078004,127,79,75,281
530330079011,0,12,26,38
530330079012,0,0,0,0
530330079021,0,0,28,28
530330079022,28,49,3,80
530330079023,14,98,67,179
530330080021,0,0,0,0
530330080022,0,0,0,0
530330080023,22,29,52,103
530330080031,0,0,0,0
530330080032,0,28,0,28
530330080033,0,0,0,0
530330080041,0,21,0,21
530330080042,0,0,0,0
530330080043,31,0,0,31
530330081011,0,0,0,0
530330081012,0,0,0,0
530330081013,0,0,0,0
530330081021,42,0,0,42
530330081022,16,0,30,46
530330082001,0,17,0,17
530330082002,11,0,0,11
530330082003,0,0,0,0
530330083001,20,13,0,33
530330083002,0,0,14,14
530330084011,17,31,0,48
530330084012,75,0,0,75
530330084013,25,0,31,56
530330084021,0,0,0,0
530330084022,0,0,0,0
530330084023,0,0,0,0
530330085001,0,0,0,0
530330085002,74,203,0,277
530330085003,0,0,0,0
530330086001,0,0,0,0
530330086002,0,9,55,64
530330086003,0,0,17,17
530330086004,0,16,0,16
530330087001,0,0,43,43
530330087002,55,0,29,84
530330087003,23,31,3,57
530330088001,236,31,58,325
530330088002,58,6,45,109
530330088003,53,70,0,123
530330089001,143,6,76,225
530330089002,49,154,64,267
530330089003,110,85,0,195
530330089004,12,67,91,170
530330090001,66,0,19,85
530330090002,0,87,33,120
530330090003,34,68,0,102
530330091001,7,40,32,79
530330091002,20,20,19,59
530330092001,40,22,65,127
530330092002,0,0,0,0
530330093001,13,37,34,84
530330093002,0,8,0,8
530330093003,0,42,54,96
530330094001,33,14,0,47
530330094002,32,45,89,166
530330094003,64,16,0,80
530330094004,21,14,13,48
530330094005,0,27,17,44
530330095001,40,38,13,91
530330095002,99,35,18,152
530330095003,22,32,54,108
530330095004,165,374,68,607
530330096001,88,0,45,133
530330096002,13,24,0,37
530330096003,58,96,72,226
530330096004,38,50,34,122
530330097011,25,52,0,77
530330097012,66,111,66,243
530330097013,131,0,18,149
530330097014,79,47,48,174
530330097021,94,104,20,218
530330097022,57,112,49,218
530330097023,48,87,43,178
530330097024,202,110,153,465
530330098011,49,88,16,153
530330098012,110,94,107,311
530330098013,42,0,0,42
530330098021,125,80,21,226
530330098022,16,12,15,43
530330098023,14,60,25,99
530330099001,45,12,0,57
530330099002,0,0,0,0
530330099003,55,34,25,114
530330099004,6,75,45,126
530330100011,68,42,14,124
530330100012,41,85,36,162
530330100013,88,98,105,291
530330100021,80,52,48,180
530330100022,41,15,18,74
530330100023,61,60,24,145
530330101011,26,59,0,85
530330101012,186,239,30,455
530330101013,158,49,24,231
530330101021,66,104,0,170
530330101022,70,113,34,217
530330101023,62,59,35,156
530330102001,93,273,77,443
530330102002,49,20,16,85
530330102003,73,88,14,175
530330102004,68,64,45,177
530330103011,107,38,53,198
530330103012,209,83,18,310
530330103013,22,20,7,49
530330103021,81,76,0,157
530330103022,0,42,45,87
530330103023,47,13,0,60
530330104011,77,115,0,192
530330104012,101,47,103,251
530330104013,27,94,23,144
530330104021,50,33,0,83
530330104022,41,17,13,71
530330104023,138,32,6,176
530330104024,66,98,92,256
530330105011,67,20,0,87
530330105012,79,69,20,168
530330105013,0,48,0,48
530330105021,0,25,0,25
530330105022,143,0,52,195
530330105023,0,84,0,84
530330105024,17,77,12,106
530330106011,69,18,0,87
530330106012,37,101,0,138
530330106013,69,37,0,106
530330106021,84,75,27,186
530330106022,84,86,32,202
530330106023,25,58,52,135
530330107011,89,81,95,265
530330107012,41,43,0,84
530330107013,92,63,46,201
530330107021,84,29,46,159
530330107022,305,244,0,549
530330107023,70,246,25,341
530330108001,26,87,5,118
530330108002,169,74,61,304
530330108003,119,115,64,298
530330109001,34,17,0,51
530330109002,0,10,0,10
530330110011,234,80,135,449
530330110012,160,46,0,206
530330110013,63,99,0,162
530330110021,38,121,34,193
530330110022,35,154,30,219
530330110023,173,292,148,613
530330111011,42,9,10,61
530330111012,39,0,0,39
530330111013,104,56,7,167
530330111014,25,46,0,71
530330111021,164,111,115,390
530330111022,98,120,120,338
530330111023,64,112,19,195
530330111024,86,55,39,180
530330112001,24,184,68,276
530330112002,80,0,105,185
530330112003,62,64,105,231
530330113001,70,43,101,214
530330113002,127,117,150,394
530330113003,50,15,44,109
530330113004,16,77,0,93
530330113005,69,30,0,99
530330114011,32,21,10,63
530330114012,37,57,85,179
530330114013,65,156,79,300
530330114021,11,65,39,115
530330114022,54,104,82,240
530330114023,84,21,61,166
530330115001,62,138,38,238
530330115002,87,33,21,141
530330115003,69,116,13,198
530330116011,105,94,96,295
530330116012,72,104,14,190
530330116021,22,120,25,167
530330116022,110,153,44,307
530330116023,13,33,0,46
530330117001,29,30,27,86
530330117002,60,91,58,209
530330117003,13,78,56,147
530330117004,34,45,123,202
530330118011,38,96,77,211
530330118012,6,58,22,86
530330118013,11,76,82,169
530330118021,43,43,0,86
530330118022,101,112,13,226
530330118023,383,228,100,711
530330119011,43,21,49,113
530330119012,130,84,0,214
530330119013,64,21,3,88
530330119021,89,85,29,203
530330119022,38,13,8,59
530330119023,76,17,35,128
530330120001,90,102,45,237
530330120002,25,88,4,117
530330120003,34,84,82,200
530330121001,50,92,7,149
530330121002,147,159,19,325
530330209002,80,0,98,178
530330209003,123,78,13,214
530330210001,0,13,0,13
530330210002,24,73,31,128
530330210003,102,0,100,202
530330211002,73,79,28,180
530330211003,64,32,26,122
530330213001,35,0,32,67
530330213002,70,55,27,152
530330253023,6,34,127,167
530330260011,123,9,21,153
530330261011,101,38,0,139
530330261012,80,11,37,128
530330261021,0,17,0,17
530330263001,4,3,0,7
530330264001,71,74,46,191
530330264003,346,429,142,917
530330264004,20,39,16,75
530330265001,92,36,29,157
530330265002,265,193,84,542
530330266001,34,8,15,57
530330266002,39,47,33,119
530330267004,93,105,27,225
