draw,rho,decay_mi,beta_ms,beta_low_income,beta_swd,beta_absent,p_max,gifted_propensity,hs_indep_factor,hs_car_factor,scale
0,0.8500000000000001,5.1138717576687815,0.1532062636485818,0.2857936520227197,5.723939750329531,0.07063421303316314,0.95,0.918755099300239,0.6594560575225007,0.8753989560461052,0.8311793131959652
1,0.8500000000000001,5.0097479295929634,0.21559412945733955,0.234348168971917,5.773816154474341,0.10325452695489257,0.95,0.9168311094415763,0.693981549332535,0.6603959302688309,0.8359549886896646
2,0.8500000000000001,3.838217311177687,0.01629436376343524,0.3081197739972825,5.608468457222505,0.0830762316432335,0.95,0.9179616554964444,0.6802751555309017,0.4942910114553016,0.899103710951515
3,0.8500000000000001,4.870946231875934,0.026023461102551788,0.30227833464306886,4.819768657617788,0.12664297366974622,0.95,0.9202371383206104,0.6619112124232837,0.24221631296980284,0.8440933289593726
4,0.8500000000000001,4.534652611615953,0.13295526385355305,0.3223803304450543,5.51346339099701,0.15547863202539955,0.95,0.9160362892909333,0.7390108456417464,0.6909222900480445,0.8604541860506023
5,0.8500000000000001,4.954874107605392,0.153032304601463,0.3124707167320409,4.985235389980731,0.02230100013586112,0.95,0.9197567263087412,0.6418755605267501,0.7729698102047886,0.8394837962470724
6,0.8500000000000001,4.5316672077296465,0.16488907903103522,0.33518299198584844,6.618806677173754,0.0045005547604448715,0.95,0.9180835949955514,0.5674222376050316,0.7918023761573644,0.8569546894764886
7,0.8500000000000001,3.5381002248908406,0.07469373744834513,0.34274065705253876,6.120125410258302,0.12543275013021998,0.95,0.9209591318496659,0.6754182375100085,0.6106029282610759,0.9219090435043903
8,0.8500000000000001,3.6131341323883563,0.21763707823169695,0.4132852301283782,6.000416754781371,0.09084535724363617,0.95,0.9164038827254773,0.6729710020174496,0.5374937349837712,0.9172466308268827
9,0.8500000000000001,4.0247947959657235,0.1553155138097021,0.34434351198413216,6.103973986274866,0.046805955566126385,0.95,0.9153490382711829,0.6139291274707397,0.5750487847189893,0.8843624739007154
10,0.8500000000000001,3.649852512143395,0.08588060981730995,0.3257802521388752,5.875669751501072,0.10092786956438773,0.95,0.9182486968724837,0.5653421288845897,0.4515754779142641,0.9137153432722633
11,0.8500000000000001,4.1771103074521205,0.13414983479019071,0.3649104523190573,6.894771017266986,0.06541177983159346,0.95,0.9183299721719729,0.5979498634127862,0.611747697760765,0.8773131098575687
12,0.8500000000000001,4.244641190953878,0.029339771544559252,0.328086445471969,6.030430595810238,0.03769662790067008,0.95,0.9192824791083692,0.6869945505643744,0.27421645570314507,0.8728071556472721
13,0.8500000000000001,4.478097575189286,0.19708005078765398,0.25764256356579607,4.9793974634112885,-0.01731147891590972,0.95,0.9182749011977357,0.812318206491967,0.41802565592668955,0.8629780806424674
14,0.8500000000000001,5.1341324114259645,0.15937917745151545,0.27906199318061425,4.009967987257165,0.025542159236796428,0.95,0.9180497690197228,0.4585099863483499,0.6543206442150618,0.8293503386843512
15,0.8500000000000001,4.070369510324907,0.029474759164856153,0.29943609787506514,5.873889153784303,0.07480842642162548,0.95,0.9192488283299067,0.7860892267932298,0.5033297190991466,0.887243992714758
16,0.8500000000000001,3.8188589009496527,0.092427927101223,0.23586581796175965,4.190035336425251,0.0896378799069325,0.95,0.9176523271369575,0.5414541662173518,0.4877999644805728,0.8965085891254749
17,0.8500000000000001,4.597985685860886,0.22129582847083748,0.4664736128634637,4.180840522715026,0.045624539426362375,0.95,0.9195962848124766,0.4254100079963357,0.692209184238615,0.8535208350741421
18,0.8500000000000001,4.831001028519718,0.20364299139087091,0.33519330038719597,5.092701193866034,0.11545332050006744,0.95,0.9202066295372373,0.710717139079625,0.5430931384941196,0.8425128229913099
19,0.8500000000000001,5.587370722019935,0.10582873118047254,0.17645440746742386,6.699009541347926,0.03823118235804577,0.95,0.9185477070793189,0.6657657928203105,0.9424106950378568,0.816511325966829
20,0.8500000000000001,5.368512997658083,0.1234172936783038,0.4212510628398829,6.234771619198547,0.05942794696318051,0.95,0.9173102997708324,0.8287059338728904,0.5801335006260497,0.8199877330401626
21,0.8500000000000001,4.622236533435785,0.18406775252771437,0.31989465195712935,4.620175040216249,0.03190697357616606,0.95,0.915465769409853,0.6860427451477966,0.08371421892578715,0.8534002653397075
22,0.8500000000000001,4.385286434816822,0.21957138259263376,0.2750240590571986,5.520857769469378,0.018410368754569743,0.95,0.9169398257433222,0.6598878936967599,0.8050371191705644,0.863391266414274
23,0.8500000000000001,4.745323530460539,0.1285796527661628,0.3384080106827974,6.2580352032536455,-0.02614228201537025,0.95,0.9190209091544596,0.7144209738862031,0.4822188609958313,0.847210755934558
24,0.8500000000000001,3.983789740061773,0.11696927360422195,0.30435759832631587,5.162545543005868,0.0947827579407683,0.95,0.913017961077207,0.7071867942724017,0.6350429604204751,0.88236323964801
25,0.8500000000000001,4.377348634964897,0.06464543334490853,0.3054594340755787,6.495085669764658,0.0945090070259431,0.95,0.9156756190706896,0.8620563599795952,0.4774523311030338,0.8618768317027095
26,0.8500000000000001,4.080492523635871,0.07129889989010854,0.23365818369801594,5.632639763762027,0.16544923912281714,0.95,0.9201609881297196,0.7386358498059624,0.5211773449651751,0.8815304032755765
27,0.8500000000000001,3.5995309577996006,0.13143017963095657,0.327812731294486,4.728913746009155,0.03342484544351572,0.95,0.9225443697817448,0.7976596104133931,0.7440821720127249,0.9166183051121441
28,0.8500000000000001,6.86847120612355,0.12665572338943865,0.2912830392870709,5.235588542287504,0.04606578184418728,0.95,0.9211328917704525,0.8393540074623809,0.34561568136643195,0.779408408855229
29,0.8500000000000001,5.348249829463811,0.24369661453043184,0.28875715703163696,5.5567121616102035,0.046566638085702106,0.95,0.9182838535112682,0.6898914260761113,0.4905557362487765,0.8247207963257153
30,0.8500000000000001,5.686275916924858,0.12146095661817508,0.2543367297840503,6.4363058170751595,0.15090353532210038,0.95,0.9184344959777009,0.6741023557034677,0.4129348246400498,0.8093208810488093
31,0.8500000000000001,4.02743305700136,0.062064780440416786,0.396957590203837,5.763956279650523,0.06010535831360488,0.95,0.9194113297146751,0.888978284653997,0.6674626460567337,0.8890325226674504
32,0.8500000000000001,3.6748298326580384,0.08989507432732546,0.3394929807297286,6.268097924058358,0.08420693722895362,0.95,0.9193062558431584,0.7011816405053392,0.2813439517562255,0.9168020878924806
33,0.8500000000000001,4.699092609753703,0.08417492840206155,0.3052462990331294,6.096938833005046,-0.042201449195305336,0.95,0.9153632388200806,0.7301425888554947,0.4837535430681866,0.8489961741002607
34,0.8500000000000001,3.897455267690963,0.11729601309395067,0.2777919235926167,6.049374099774012,0.024615242427606304,0.95,0.9163135114818344,0.5095996894861723,0.5130281415984218,0.8966189419181697
35,0.8500000000000001,4.379734899386466,0.11010093088332519,0.34287180189456257,6.3323600594097575,0.10035625619441493,0.95,0.9166196118222034,0.7842070453193128,0.7586671757134869,0.8658738638292056
36,0.8500000000000001,4.000988662697461,0.10995337166214068,0.33817021110912254,6.684128509281142,0.0434595417998233,0.95,0.9198431327238069,0.6439320003343421,0.4616973594029279,0.8895265442840132
37,0.8500000000000001,5.834449128941418,0.13797125228221513,0.2953116705717558,6.501315806540869,-0.032086456181502195,0.95,0.9194549517000078,0.6612434439487561,0.4142982125335416,0.808809263269281
38,0.8500000000000001,3.289395214536804,0.14894039018042354,0.30991331876379,5.422603579447228,0.045968366613773876,0.95,0.9156302477183391,0.6845106299440095,0.4919103108057322,0.944772561450089
39,0.8500000000000001,4.054486029231342,0.12992908828290378,0.3787584603241666,6.679605932471034,0.13094358758917862,0.95,0.9210178268531145,0.8226522932799366,0.8268471580117235,0.8844897043518773
40,0.8500000000000001,4.241688306429611,0.2216844274734991,0.26531340538469383,4.466133588636317,0.03988759896716329,0.95,0.9189297008095436,0.6550619683286,0.6076570662259195,0.8755072185238624
41,0.8500000000000001,2.5719836672245875,0.21169696552996106,0.370485626828812,5.495721497310693,0.08677578936454214,0.95,0.9173988754225426,0.7359276195816221,0.2507876067753257,1.0381231278840883
42,0.8500000000000001,6.222656147373373,0.11234954920557605,0.39163292985069065,5.933844214640901,0.048309775815854154,0.95,0.9169536159664877,0.6334766181389824,0.3287045115395953,0.7899777266490321
43,0.8500000000000001,4.599833026763293,0.14444960899002102,0.3466418027275829,4.862529100981632,-0.04762986710012585,0.95,0.9197224728622492,0.7231249069777987,0.6121737925152544,0.852483219094329
44,0.8500000000000001,4.556942371647898,0.05461460867784012,0.3217093953543691,5.570453508301103,-0.043848686629479924,0.95,0.9183421536408682,0.7759841622684658,0.4102295433455543,0.857552398324659
45,0.8500000000000001,3.9961815443528725,0.01250251964184505,0.4246387871524875,5.931999659261447,0.041958766840918066,0.95,0.9193575238786856,0.6562915998068736,0.3365034050836093,0.8863440650129181
46,0.8500000000000001,5.373092003002112,0.09692967778453676,0.2458461315576559,5.26725568510871,0.039771235098750655,0.95,0.9158948540741904,0.7906955317430118,0.3891450974081736,0.8206636869379688
47,0.8500000000000001,3.1803545334812044,0.1884787171389297,0.15127498780812354,6.949595248245087,-0.005115947323125518,0.95,0.9175897470457132,0.7310886311419549,0.6100016058676725,0.9574749006053493
48,0.8500000000000001,5.1541458705801695,0.10097833435229449,0.36641037779184943,5.745320208020983,0.013785750941547622,0.95,0.916990099692153,0.6349091297338207,0.6454781730380214,0.8248669323973843
49,0.8500000000000001,6.23840721708538,0.1426338631467563,0.18295546938273038,5.080277699741447,0.07421736320284376,0.95,0.9157517330719285,0.6691978218483617,0.5749841167802284,0.7959248597005163
50,0.8500000000000001,4.179625977218204,0.07692148898805698,0.35816574422725417,4.585891625432532,0.06944181291459559,0.95,0.9191748882787323,0.6500316283235024,0.4742167892544875,0.8743973691790837
51,0.8500000000000001,4.054064680767583,0.15769753634392414,0.3480446025994607,5.067121567658376,0.05968132420803543,0.95,0.9174886761729607,0.7316611656571067,0.39854687888518764,0.8858411296889908
52,0.8500000000000001,3.5448240820954653,0.11552119334477219,0.37446461413082344,4.646135593280989,0.030400027131479067,0.95,0.9206963262229133,0.7733056957819994,0.6197950530381228,0.9181454913167166
53,0.8500000000000001,4.380675121373024,0.04583963674651958,0.32157504943731124,6.216696478596807,-0.026569886712774066,0.95,0.921678219682185,0.6377235232155813,0.6685731313303466,0.8621494586768007
54,0.8500000000000001,5.305733255023143,0.1881706803702661,0.44474729405770713,6.23291610740777,0.11035183050786825,0.95,0.9188745950488729,0.6081226941572162,0.419725786748092,0.820950893964839
55,0.8500000000000001,2.7198577741808476,0.27929522078584945,0.34509352800334236,5.076272514572922,0.05862230736258806,0.95,0.9161047054483065,0.759365060684568,0.6532833845148686,1.015556922681217
56,0.8500000000000001,5.183545409030589,0.1068434569002322,0.303990679681751,5.91593870569767,0.04945132602342646,0.95,0.9202667997652101,0.770345347241916,0.4386226181407799,0.8255631530085075
57,0.8500000000000001,3.8656940001577023,0.1195303767944372,0.38889823737505075,5.084329287856294,0.11144891491695004,0.95,0.9186515849318451,0.5941272645390009,0.2932052540824187,0.900139747544308
58,0.8500000000000001,5.936878395627814,0.1373640857286391,0.28632964942484407,6.207227910465754,0.09720296264413876,0.95,0.920502783921647,0.8722728318817613,0.4605172917093417,0.7998847512861913
59,0.8500000000000001,3.5716932996119066,0.11560412482720389,0.31507359748828384,5.517895936911596,0.048111192779800784,0.95,0.9191160336143435,0.7060035561327032,0.49125167861731245,0.9178630340041996
60,0.8500000000000001,4.5221883459093695,0.2375177925971897,0.24730919866450024,5.8198899745738455,0.04310292435996894,0.95,0.9198987850857124,0.8106479361462922,0.7420303708487926,0.8606296879707832
61,0.8500000000000001,4.00123748014501,0.1961184955466258,0.4247895326904682,2.3306362798760736,0.05631562706821506,0.95,0.9193874497458846,0.657781509663631,0.4818711898607005,0.8899974924280004
62,0.8500000000000001,4.731619704037222,0.06608418783742694,0.31086254840441363,7.202865554738302,0.04955779553779478,0.95,0.9230516120305153,0.5743260443597186,0.681826231284954,0.8503073367782169
63,0.8500000000000001,3.3672476056669804,0.15266838297040308,0.2572765672308604,5.578994656561654,0.07408752730087151,0.95,0.9194708284924292,0.7260632087449654,0.328529580025354,0.9399637261752494
64,0.8500000000000001,5.158977469695041,0.233460286403428,0.3206746983707297,6.6752644141559365,0.12843920297253925,0.95,0.9191006753929056,0.637092328612402,0.26202734121207527,0.8285348204705256
65,0.8500000000000001,3.915280051633835,0.046485448469331975,0.35442254176546906,5.03462024319164,0.04364801890738634,0.95,0.9164591292101781,0.5190135372451824,0.3987600065821956,0.8940303531395586
66,0.8500000000000001,5.806959356656011,0.14940849896208586,0.26948211025106933,5.7340211705292345,0.05743279846333082,0.95,0.9165415609169086,0.684164647097112,0.6888162776795621,0.8042119513902741
67,0.8500000000000001,3.6086549681174915,0.09751699259630202,0.2868960778594692,6.117859289387638,0.04126393039865179,0.95,0.9195648771743942,0.8298241528597454,0.745272836353067,0.9102148597080472
68,0.8500000000000001,3.8759553876399178,0.16692953682040865,0.2818746722820883,6.149278288340033,0.022214343088921878,0.95,0.9146045871441828,0.7212581091455476,0.5253158316534762,0.8958982530791982
69,0.8500000000000001,4.605169524429141,0.21784512134241438,0.4048981832356471,7.318964204465762,0.016865024340644106,0.95,0.9205343648018873,0.699699631214227,0.22978159170218268,0.8585712462736447
70,0.8500000000000001,4.396679074398318,0.14993744362283531,0.25752040735600235,4.263743985209665,0.01829655838773723,0.95,0.9158152229859888,0.5708225798202508,0.3952816198711578,0.8675417360633125
71,0.8500000000000001,4.686765233810442,0.14962981187507224,0.3580205268095653,5.548708516926618,0.09970596733714869,0.95,0.9166161990587988,0.6731341513880513,0.3045781935669478,0.8495480265751496
72,0.8500000000000001,5.20861457478104,0.10979900787086797,0.3510198537898448,6.690088364077839,0.059193723970734746,0.95,0.9126837051982493,0.7026058546864283,0.4335529978635332,0.822257930813302
73,0.8500000000000001,3.9666282203143255,0.07349765635014638,0.394178021526262,6.020715714749706,0.05306884111760848,0.95,0.9139005859489405,0.6967308698872371,0.367239885396518,0.8842013224830921
74,0.8500000000000001,4.930730702076358,0.03348544577696556,0.2531315640440643,4.369596411595742,0.11768210239192987,0.95,0.9182029566066053,0.5302907270320345,0.5830513724371854,0.8363029280527527
75,0.8500000000000001,5.764237903965863,0.13588186905551256,0.35662430889086943,6.725675081744135,0.08779520024601975,0.95,0.9192540543313514,0.8443632320752559,0.3741914499652578,0.808805837772323
76,0.8500000000000001,4.600501852866675,0.14802941441794845,0.23955898462308245,5.049924784787215,0.05764429640069578,0.95,0.9194150801532924,0.6782601408329502,0.586839365297384,0.8550920585810948
77,0.8500000000000001,4.3058632832711385,0.09492278945749862,0.27166670831649864,5.917249292295698,0.06628442350729127,0.95,0.9180945383247717,0.81840442349782,0.5171872461099433,0.8721317199397651
78,0.8500000000000001,3.931740483691258,0.08830270176063806,0.3342405339233897,4.258879659655902,0.061152423941520664,0.95,0.9163871811048635,0.6600191437670532,0.7823703833169026,0.891862206147694
79,0.8500000000000001,4.5323129239857725,0.08922123033590526,0.202865930251097,5.385330106684731,0.08486969887485347,0.95,0.9185839845596926,0.8622077597421572,0.2445794086072492,0.854491898224248
80,0.8500000000000001,4.098660312709816,0.13329484205957987,0.3648438986158672,4.958112842163966,0.0468250672926918,0.95,0.9230052505749972,0.6490041785889249,0.223533003969136,0.8796811308042607
81,0.8500000000000001,3.512057167414625,0.16227096502158625,0.23306794588945318,5.465646135853889,0.06616004854247742,0.95,0.9180357018779831,0.6144652124321184,0.31109913455460286,0.9260115827085871
82,0.8500000000000001,5.1770761061294,0.02920263027673648,0.3140127146194855,5.583142781334883,-0.0601204210813948,0.95,0.9172583973833676,0.6906609576484192,0.41699038024433044,0.8277080901748876
83,0.8500000000000001,3.7085149261396935,0.1384093733853836,0.32349039728864476,7.242062522983738,0.06835276711286754,0.95,0.9164671117015403,0.8145015559340412,0.3248539459564705,0.9099019277194773
84,0.8500000000000001,4.726852348507176,0.03162468249264534,0.3420105925697974,7.395168854700734,0.0029833691563240193,0.95,0.9178448944916378,0.5835974599331464,0.2560590466432573,0.8476480877949559
85,0.8500000000000001,4.161905209111368,0.17463971898828887,0.278252164092061,5.628057414747845,0.029672257018473105,0.95,0.915568252102712,0.6337533481083861,0.34916791646678497,0.882144125511115
86,0.8500000000000001,5.4371165382467765,0.061700573235094584,0.2884197522644104,4.700585436140971,0.07570586079757141,0.95,0.9171572265189697,0.696733255259858,0.8948905305181317,0.8167884477879787
87,0.8500000000000001,6.506582797884068,0.15302296649471675,0.2470429513063569,4.815574902202697,0.11089820401908956,0.95,0.9179667000308546,0.7467530461655735,0.43487769250806146,0.7858783901217591
88,0.8500000000000001,4.750207705861031,0.16938691615649382,0.2395700580980967,6.4828397289253585,0.057118037393340024,0.95,0.9196735188324924,0.6868354426677887,0.45399451763782017,0.847913605131594
89,0.8500000000000001,4.279179376351057,0.10395553080815012,0.29700155320244775,4.983867236258029,-0.00018280558526720186,0.95,0.9185698621073878,0.7833527763556956,0.156028507787869,0.8704980343545358
90,0.8500000000000001,6.3928660183319925,0.1354518518429009,0.35831515162740096,6.68553062255045,0.007903660294950461,0.95,0.9206433363339694,0.7744369954733962,0.5416018343252809,0.7900913098345899
91,0.8500000000000001,3.554813117650017,0.17246944628571628,0.4136695436221312,3.585228317488837,0.0753470638504744,0.95,0.9202072583524283,0.7364135298294059,0.3913916923776601,0.9212434542062441
92,0.8500000000000001,4.774329921005597,0.06687320518991743,0.2687745999852175,6.94406074820609,0.03815747249517371,0.95,0.9154335100319031,0.7553160043118048,0.7130943030078191,0.8482802208086229
93,0.8500000000000001,4.121287907676617,0.08493363418408098,0.43975789061690174,3.6219636807731606,0.055340140435498134,0.95,0.9198171807945223,0.787777110814838,0.46212646255337797,0.8860422241169098
94,0.8500000000000001,6.418401524557083,0.0647004512549025,0.39266341702473506,6.467135252408975,0.11877474453091152,0.95,0.9162665807737437,0.6653790981193656,0.7089604746172319,0.7879223308979927
95,0.8500000000000001,4.286578900898778,0.19586715042317687,0.38031452111461295,5.192661192286422,0.09867817698199262,0.95,0.9192256441782137,0.6537104793115425,0.6426471739400412,0.8700549502075026
96,0.8500000000000001,4.680536059009455,0.131848882412588,0.28321888604575585,5.560372224705145,0.03922188142600221,0.95,0.9162325453085598,0.7659169523865965,0.8062719133687727,0.8480534353385696
97,0.8500000000000001,4.750516450157038,0.17273342238179262,0.38930861713456455,5.515737651950482,0.07478403593976207,0.95,0.9218723132735888,0.7546785968504183,0.47922124474035777,0.8461893557079148
98,0.8500000000000001,6.225473357132797,0.1500503414874016,0.2855000820333218,4.204307924148318,0.004369533740978068,0.95,0.9166297136213717,0.676823057414475,0.07382888797663918,0.7952917900436399
99,0.8500000000000001,4.629295131812773,0.12458202229731093,0.26692616500251126,6.389684673501612,0.10250137679292659,0.95,0.9187461977428383,0.5440809842035249,0.279886134526387,0.8546678445302683
100,0.8500000000000001,5.751701546544103,0.0901597508662261,0.25181150881946546,5.435700295965755,0.04495605576946795,0.95,0.9185674033582674,0.7935722441607121,0.26364146130778227,0.8064456943780961
101,0.8500000000000001,4.039245731147333,0.11415899365978396,0.3824518605886006,4.518569124449781,0.14096106178982654,0.95,0.9177021563502957,0.5559951991060827,0.7622724164252515,0.8876878792622458
102,0.8500000000000001,4.559887166506775,0.18021734731378192,0.16351295619094383,4.7785790392370195,-0.002928933968919149,0.95,0.918221764930904,0.6262176590569727,0.23728792893718648,0.8599365928543947
103,0.8500000000000001,4.275355305601937,0.1519040426811327,0.45234896519608625,4.570289659761866,0.06675338531018807,0.95,0.9183461730950462,0.755730245404925,0.6472044946210905,0.8685095508745614
104,0.8500000000000001,3.9579993298535636,0.15591656392404066,0.34718519569004286,6.234699109300279,0.08741381606060936,0.95,0.9156733947610078,0.586752443550961,0.42760084515047475,0.8907961332407334
105,0.8500000000000001,4.955323143660854,0.10587889301461324,0.2578099080045124,5.4016894023321855,0.0768295512203797,0.95,0.9182308243082069,0.5822250132483223,0.593476605921283,0.8356922762292257
106,0.8500000000000001,5.414158850914046,0.1187516924835037,0.33922542877797923,3.992975005528852,0.07778924625593746,0.95,0.9164435047108072,0.8243061887136444,0.8650729529661076,0.8168553099734986
107,0.8500000000000001,4.954879314792877,0.12790675730239284,0.2510210198798581,4.610212480571531,0.09832647793518216,0.95,0.9203129551550726,0.8515526170155509,0.4642225748833499,0.8386135237500398
108,0.8500000000000001,4.751724427728908,0.20901183717382857,0.2749552706925686,5.720124111537267,0.10225876289679939,0.95,0.9161045259152734,0.6211551685790689,0.5897755963651186,0.8506846500109617
109,0.8500000000000001,5.621617691482469,0.19116090928854937,0.329101572293862,7.0104631513428615,0.05330134436627629,0.95,0.9154315622879814,0.6339775960006527,0.6802406911182542,0.8104638794070645
110,0.8500000000000001,4.692622286473469,0.1310754556377195,0.37703500555068137,6.3463034017011095,0.0983531881513237,0.95,0.920417552915875,0.7598806103258571,0.7277185978438009,0.8462377194882783
111,0.8500000000000001,5.03554218969793,0.14666106045458807,0.3891513630242472,6.017638163792145,0.06080274510774893,0.95,0.9195097139776516,0.7212107602748028,0.11164436268654658,0.8338273647993952
112,0.8500000000000001,5.7782145513823355,0.20678911999749844,0.44838350971425023,6.637032422464473,-0.01346589164378931,0.95,0.9192668402923009,0.625445591845809,0.5486891939332402,0.806946871294145
113,0.8500000000000001,4.95218294797396,0.1370592791673652,0.362009907801463,5.291887841325074,0.04775127801019553,0.95,0.9146247346839705,0.6335857113100103,0.39145426116106574,0.8334045182395156
114,0.8500000000000001,3.863673197547145,0.06924711739942506,0.4257280542587327,3.9818805868368847,0.1307951986022195,0.95,0.9184598266940291,0.7827722702892779,0.3921640599615081,0.8968905575964629
115,0.8500000000000001,6.515255635844904,0.11812284937741013,0.35131052699559095,5.488274474870803,0.06811811335577277,0.95,0.9132733059603748,0.9021978127510099,0.5965821798504002,0.783485194162855
116,0.8500000000000001,4.929312140392466,0.17545866162878107,0.19319575161110714,5.312779323226189,-0.018694395058796068,0.95,0.9177930209847222,0.7840241991363671,0.4157510679460819,0.8435794136982804
117,0.8500000000000001,3.6955573151447547,0.1455032082497358,0.3800111158646533,7.097538634316914,0.04477119614793628,0.95,0.9159833240917794,0.7374653414589786,0.7942103316659493,0.9078141052447268
118,0.8500000000000001,5.518199658145261,0.03304501682593804,0.3844975349709236,4.638688477860702,0.0709024432992062,0.95,0.9187573957325136,0.7566385186455116,0.45006780782358247,0.8168811259002707
119,0.8500000000000001,4.9076808204056555,0.12849119937340994,0.3471426693983933,7.853715470363845,0.04838145315994766,0.95,0.9187450864208322,0.6724206052364569,0.6985589700544415,0.8399996186741228
120,0.8500000000000001,5.147928665874187,0.11762921020566776,0.22106590049057728,5.049778436231057,-0.042444254395345965,0.95,0.9167384917611987,0.8126877721964084,0.901184237348198,0.834138992172286
121,0.8500000000000001,4.918998233918556,0.21207515004485109,0.3293856356627573,4.879316819128843,0.06387271301935062,0.95,0.9143184929898728,0.7029469323745933,0.6396078589439061,0.8345458383374715
122,0.8500000000000001,6.3322070556364904,0.1459068458233062,0.3885486215691951,8.554186569368824,0.02492176639587147,0.95,0.9240773343864146,0.6049607794752746,0.17663221958103145,0.7902448635803846
123,0.8500000000000001,4.610650989968035,0.17624881529515798,0.2874252948497483,6.9729684454315475,0.044920904024294175,0.95,0.9160008286156844,0.8600485255168523,0.4505592466278001,0.8532603273527986
124,0.8500000000000001,5.254549000237084,0.14302263402038679,0.2718220783867932,3.2598884846874245,0.10763833633952621,0.95,0.9170207716148053,0.6521758145364106,0.20476318759810452,0.8254185909204935
125,0.8500000000000001,4.542913262615826,0.14774475291885422,0.32674533759104446,6.376839788058622,0.03572834414451633,0.95,0.9163985031175766,0.686259030247675,0.3201576516489362,0.8593279173825072
126,0.8500000000000001,6.5024189757738995,0.12600930981107872,0.31643994031868056,4.486971735928675,0.04054838010982211,0.95,0.9177123670696844,0.7572342315980987,0.45569188933823407,0.7868091937314662
127,0.8500000000000001,3.8838190409659363,0.08386748743821529,0.35387003067110906,5.5401717160343855,0.0026295490928776666,0.95,0.9198075924800851,0.6369506552217348,0.48579475913980336,0.8989803109664365
128,0.8500000000000001,6.877912880978066,0.14726879833095963,0.3226009288294457,7.901844792859293,0.05222277586980632,0.95,0.9154735804026725,0.835470241128139,0.3811932147133356,0.7775424221679239
129,0.8500000000000001,5.941807917295678,0.09430559316527844,0.3432168846859997,5.392976285022319,0.04910751549850771,0.95,0.9233786884787952,0.5871935900426891,0.5435330144242149,0.803714238196037
130,0.8500000000000001,6.139877003675055,0.17046985137082007,0.2847698552105384,4.810846548731694,0.10692104612361676,0.95,0.9168874562786398,0.6464274848450137,0.6007308946701012,0.7963855481715506
131,0.8500000000000001,5.0684222030285095,0.10678150154569398,0.3269158041645903,5.878384937319591,0.08098779965453586,0.95,0.9144004434569003,0.784090287812266,0.23408109319675557,0.8330445767580495
132,0.8500000000000001,3.9880374342198204,0.10677503858473124,0.372625386676872,6.895428993484627,0.11781391136609251,0.95,0.9203425831208826,0.8250793247756365,0.5187708728959491,0.8870834965904814
133,0.8500000000000001,3.8283622963744706,0.11992820421605965,0.3359332791138353,4.692770453122733,0.07159271727266857,0.95,0.917867689484338,0.6684538932786357,0.39823440030987833,0.8995277093913787
134,0.8500000000000001,4.895978638377115,0.09856991145211083,0.3130744641544237,5.120383482714074,0.09973953200998305,0.95,0.9195452852392737,0.777681229750164,0.5195079990157623,0.8416696397774391
135,0.8500000000000001,4.90174889009504,0.13289342214271557,0.273946885000737,7.117006451335695,0.048404388978958435,0.95,0.9213112242052285,0.7318737685358061,0.5265039696934404,0.842474813600313
136,0.8500000000000001,6.164115949410655,0.22157188651667367,0.34744998673508876,5.284568780949703,0.10459098001720912,0.95,0.9165533694402422,0.7634381019764911,0.885890372479388,0.7976327140263975
137,0.8500000000000001,5.411568800629341,0.11982889381265326,0.21472401710819428,4.949760530282217,-0.03230591312034325,0.95,0.9155405797162438,0.5643339732578617,0.8569901878360421,0.82062498275237
138,0.8500000000000001,4.183187755341335,0.11135301800781618,0.23752867319606952,7.977208100220016,0.10780573326264377,0.95,0.9163515096187465,0.606291637149887,0.518478020927166,0.8812802779415069
139,0.8500000000000001,5.177198067031475,0.13825584930004967,0.34325177138494295,5.29931246724976,0.08477988723888907,0.95,0.9210926686000104,0.7118707961177977,0.5879527408176118,0.828255942111271
140,0.8500000000000001,6.364463300614624,0.181393909242403,0.35647148209879526,7.379774472492177,0.0006899698103367846,0.95,0.9204696514399644,0.6056215881947884,0.9028044309954907,0.7933331610141835
141,0.8500000000000001,6.539543662292134,0.059359381152504574,0.3320143439130953,8.85171004794134,0.04922801870535507,0.95,0.9197004579778892,0.8703707831427475,0.5239206999136176,0.7852042633381642
142,0.8500000000000001,4.095353028708977,0.14819722278945197,0.35135166369884796,6.209538425880373,0.17015130547493468,0.95,0.9221301766508486,0.5855833267171783,0.38143179538699845,0.8860814704151047
143,0.8500000000000001,3.995568331421511,0.06288002392721438,0.3725616579049154,6.922562024714074,0.06099981447910125,0.95,0.914416990585649,0.9354523234907544,0.664285956141783,0.891478305903756
144,0.8500000000000001,5.411340450320084,0.14256081034900678,0.2868530831444272,5.688073187208681,0.10256190305048525,0.95,0.9163813887739829,0.659195942742869,0.5674097576320334,0.8199403591505755
145,0.8500000000000001,4.071791014276166,0.15853093856408013,0.24712382554529327,6.012489688857814,-0.008212896491893466,0.95,0.9172001169713152,0.8482718166526421,0.6215434323648449,0.8841904573895549
146,0.8500000000000001,6.034356032335049,0.2142103344709607,0.301797790971091,7.587920539504159,0.030557926340073375,0.95,0.9149753869624649,0.6524762351690094,0.12914905909732613,0.8008525907070638
147,0.8500000000000001,6.422282432098413,0.07791270445718322,0.28229192766562483,6.475752806881698,0.07801166222224129,0.95,0.9178201925299939,0.8284572474573189,0.4961833620528428,0.7912369524008512
148,0.8500000000000001,5.711810400318671,0.17336325451186552,0.29412567685787144,4.7586276510023175,0.06071972024132742,0.95,0.9140947008555512,0.6843853869012229,0.29183742167606824,0.8045883826016744
149,0.8500000000000001,3.5331652880738655,0.15607077236553865,0.46755027322503395,5.409857736651793,0.10369931577777688,0.95,0.9162591346977511,0.5338268778112438,0.5119251254766026,0.9264606763933455
150,0.8500000000000001,5.671242448564467,0.16159196132847553,0.22248918176440535,5.989105271098032,0.11063042566468265,0.95,0.9189167662967583,0.7516226351073327,0.18487375678524529,0.81142718568358
151,0.8500000000000001,4.80972884368999,0.11203640745154352,0.41192853711689,6.156997792649841,-0.05617777469638759,0.95,0.9182471899149047,0.7152373874978135,0.17098740830078915,0.8411709707294449
152,0.8500000000000001,2.7896610732382974,0.16675454503059006,0.35331873288468424,6.347862758705891,0.06034863810881793,0.95,0.9177549794592816,0.7464345539128319,0.4684847527744881,1.0089710969768764
153,0.8500000000000001,5.763758909832476,0.16852951968676277,0.40296007833126296,7.25741092815922,0.029424076525164735,0.95,0.9198931545968868,0.6743156379773262,0.35767503093598274,0.8076828152017469
154,0.8500000000000001,3.9914970016285136,0.09951950423003722,0.23601840075747785,5.925468342621794,0.07876544262534797,0.95,0.9163367613395439,0.7557470491705264,0.197077877591302,0.8933620509258238
155,0.8500000000000001,3.665925028005047,0.11302412014778397,0.27524461394628774,6.344527602785863,0.04604580787875084,0.95,0.9169668675474473,0.7320644347843531,0.09728212875590196,0.9082064497575151
156,0.8500000000000001,3.412738844583378,0.016766431243328432,0.3235542872701679,6.502280281034627,-0.012274470731720648,0.95,0.9175765230900367,0.798732923758399,0.4493939932245012,0.9307394963202509
157,0.8500000000000001,6.002529845199083,0.024696133984071018,0.2912590995374281,4.361021999234964,0.023583511801357697,0.95,0.9163350511510515,0.7489911472470049,0.8413619233741834,0.7990031802982518
158,0.8500000000000001,4.935524536187367,0.22522012851512335,0.3110409139235933,6.420675757954313,0.0014229115904294176,0.95,0.9199182434341001,0.5880785629511244,0.2822422170698125,0.8405088793811162
159,0.8500000000000001,3.9407640409183133,0.1276004552274178,0.3571300480017589,7.046476140169088,0.14500657637252165,0.95,0.9176746124698735,0.8917809024529393,0.36093803475683667,0.8939801225344444
160,0.8500000000000001,3.5623992128116235,0.10691249023384546,0.3543580837754348,5.999860621838307,0.025936318373523358,0.95,0.9198885280799535,0.7251110596952796,0.38776899021713335,0.914197503869408
161,0.8500000000000001,3.7812659368224417,0.13446174036163824,0.2710812435170397,4.974719409600296,0.060513511794130524,0.95,0.9199154707676555,0.7223313980260654,0.3184055006615674,0.9054302103257593
162,0.8500000000000001,3.6963376436171913,0.057423334144306934,0.3168497591326994,6.1939255755995255,0.09612749163125957,0.95,0.916730797901377,0.8504662391018141,0.5029667258064292,0.9087407250837009
163,0.8500000000000001,5.96406648850489,0.0831627184661784,0.2522634081722501,6.18896111968017,0.08759781406184841,0.95,0.9196547941287788,0.7579370485175986,0.646832267155367,0.8014198139003028
164,0.8500000000000001,5.0924821683558505,0.08539368747116713,0.23802321605417104,7.51020695847428,0.03117932584839556,0.95,0.9180880681750575,0.41756582598746067,0.3416464617239448,0.8325759943380009
165,0.8500000000000001,4.4478074270690575,0.0907960740318786,0.28140702022804603,3.7857857072611556,0.0879182529962148,0.95,0.9199190293145771,0.5547046942409714,0.6805617118376942,0.8644282565326278
166,0.8500000000000001,4.732277811078095,0.1633477660419215,0.2723837312681051,7.376486598412099,0.023908592636806295,0.95,0.9162767472431349,0.9100022450593898,0.2904247121112643,0.8484396612484961
167,0.8500000000000001,6.570289703577893,0.14573891098774552,0.39587703642463323,6.682575979198012,0.10583552662933247,0.95,0.9200195903593806,0.707082496372823,0.7090213633457243,0.7884851778597611
168,0.8500000000000001,7.204817913264691,0.15534536599214804,0.2174574097326819,5.057760342232123,0.08555437279715611,0.95,0.9178692976290664,0.7150630152352255,0.17100818572258064,0.7715036286830094
169,0.8500000000000001,3.6918262441018874,0.11077789819651822,0.2002044883347035,4.778887862385554,0.06907325631146763,0.95,0.9179442393473345,0.7859096729429567,0.5339136621375135,0.9129253219606394
170,0.8500000000000001,4.41412756204249,0.09925614413910205,0.2422502231502379,6.672495376069822,0.035865770618437105,0.95,0.9163563329731267,0.7193619776674685,0.4597391508849984,0.8625787003417822
171,0.8500000000000001,4.061132575388777,0.14612585252488172,0.39310226749849364,4.62926603642528,0.06285525909385771,0.95,0.9155126721656758,0.7212984376490811,0.6064393397144942,0.8835063227496688
172,0.8500000000000001,4.834310779091576,-0.008824059228423517,0.3301147829993823,4.641563114807348,0.1692221811814625,0.95,0.9163129764758663,0.7439025196239365,0.8862235987234256,0.8397544289306405
173,0.8500000000000001,4.950731076273772,0.09880750730289184,0.34126399213474323,6.425754479314844,0.12183580112381169,0.95,0.9158254381120905,0.8805618972004721,0.37610845084523764,0.8336677689863683
174,0.8500000000000001,3.3854751090503488,0.06687172367243577,0.3299627789434703,8.564578848841014,0.09629748766460657,0.95,0.9159879017880305,0.8451891640099668,0.344792707743432,0.9396839342786362
175,0.8500000000000001,4.669463394860517,0.06231585632349587,0.3245879608341572,4.812201780001997,-0.020105956067989865,0.95,0.9179447316589833,0.6307614054959931,0.1730934861118872,0.847014251798753
176,0.8500000000000001,4.121150382218765,0.10903746343415073,0.30724665335564344,2.7761849909148077,0.060552800379125145,0.95,0.9197709909877687,0.5737777049478711,0.2962561117913385,0.8838532585417942
177,0.8500000000000001,3.7254645846445094,0.15962933963029513,0.27894794657767324,4.551501969427055,0.03972587051753776,0.95,0.9182800074248902,0.6371650493842186,0.7227993792634481,0.9068125411628559
178,0.8500000000000001,5.881732717404372,0.06417963842947101,0.273340787291511,4.604049883482633,0.04730005197055779,0.95,0.919838201666805,0.6557271514706681,0.29749953329881823,0.8032918266801597
179,0.8500000000000001,5.525697779360434,0.11821564553129203,0.43150708033423296,6.328107422577841,0.06474183307705049,0.95,0.9158839669043806,0.8006013658646389,0.7061212133262529,0.8120089572566713
180,0.8500000000000001,5.1992622057067,0.13150339814221404,0.325957809876905,6.711878829999729,-0.0339153957527641,0.95,0.9201765163713832,0.815820296044608,0.5738476493427142,0.8281705363795493
181,0.8500000000000001,4.799472733357459,0.054483666822223505,0.33503229334446316,5.7222741962425365,0.019284314253646427,0.95,0.9166316975745133,0.7615577316909706,0.6091296223431585,0.8429459542796117
182,0.8500000000000001,5.655928704079298,0.11194916353363402,0.2930547567588824,5.894550253310766,0.04319656120573914,0.95,0.915535444256292,0.5520120631340797,0.3338357427467242,0.8085683174787288
183,0.8500000000000001,5.519122121785326,0.0816549086606318,0.3991178732126591,5.707133176294422,0.09600566721570254,0.95,0.9176872795767189,0.6858422277272468,0.5022982999868593,0.8147425463081844
184,0.8500000000000001,5.2151453151656915,0.10812166719283486,0.4156696612461909,7.231381677553615,0.07335218041191828,0.95,0.9191042426490464,0.7038637819852956,0.20605798748849427,0.827256163613645
185,0.8500000000000001,3.498413098099433,0.1850798719261605,0.2925316561795454,5.752086825073666,0.09018911628155468,0.95,0.9128465353494959,0.4483680158498889,0.7268740812700689,0.9243574098902194
186,0.8500000000000001,4.66125154852635,0.1470635371208742,0.2852724534171942,5.54986021904496,0.05234080041163366,0.95,0.918136171406303,0.5939986876192687,0.5451508414964179,0.8525178252790314
187,0.8500000000000001,3.960386767303691,0.08939935663313585,0.26231816633062055,4.383671973270652,0.1091036250853798,0.95,0.9161458588431806,0.5767111018405424,0.6790907866526338,0.8878915961443792
188,0.8500000000000001,4.774199908333231,0.04042420281678439,0.3637069893710957,5.013044091005509,0.03214094777430677,0.95,0.9202321638314312,0.6569365894334372,0.6707064501611676,0.8486038557886068
189,0.8500000000000001,3.3746943065723505,0.1113883104257843,0.29461065638666517,5.9943555764892835,0.09155384038999996,0.95,0.9188529644569094,0.6369301074902022,0.42553674069113984,0.9348353988224204
190,0.8500000000000001,3.6626545914936774,0.11932595303051179,0.2646989263552782,6.816249271312723,0.08071598705252435,0.95,0.9189794678453855,0.7426176574684483,0.6285136134695648,0.9168573055363035
191,0.8500000000000001,5.601069308492285,0.17248177984313437,0.26427910501770757,6.928440722607506,0.03185973539192269,0.95,0.9178648485933417,0.6531152633216308,0.5622390218538423,0.8133340906684988
192,0.8500000000000001,5.682009500944477,0.08934047967821167,0.3005429901473592,2.854506534975241,0.15833395076828286,0.95,0.9192434550044071,0.832284317898533,0.7985373361002638,0.8124136030027314
193,0.8500000000000001,5.007403377929614,0.06853852118998718,0.2706578668919184,4.854727552784624,0.03798784532104842,0.95,0.9167201827481258,0.6537051246827541,0.490086429535676,0.8388854580265636
194,0.8500000000000001,4.3740407543196245,0.11375551133609178,0.3427371889090087,7.244905575412715,0.018639805523136484,0.95,0.9170120263148138,0.7406707491896646,0.28333722573144643,0.8623056235790075
195,0.8500000000000001,4.177674519010668,0.15157095903737994,0.37528234969441726,6.107332923084989,0.046815603608007725,0.95,0.9200159625289657,0.7360686570049116,0.712800473917203,0.873930707514412
196,0.8500000000000001,4.7570484224789755,0.17896290481671023,0.33113407154314745,7.113563410587665,0.1032986472441672,0.95,0.9168245295285683,0.5770145555305148,0.9726810956015468,0.8451683086739677
197,0.8500000000000001,7.236081722494578,0.1822298999549783,0.3159156909936189,5.546522446972333,-0.05228237082892105,0.95,0.917225505574803,0.6965343841449128,0.33893104295517534,0.7701796541385001
198,0.8500000000000001,5.530114656625906,0.12890092214475504,0.3764294019809793,5.644743664087079,0.04741739094640702,0.95,0.9170655350946247,0.5931712859210659,0.7715460822111632,0.8143399765016999
199,0.8500000000000001,7.48582000731637,0.010928425548584746,0.3432106966637628,6.412134636308014,0.1465041931863562,0.95,0.9153787447572763,0.6560615786265867,0.8209637349697125,0.7654421512488204
