school_year,class_of,_source_id,_source_table,section_code,item_code,item_label,item_value,coefficient,calculated_value,amount,running_total
2017-2018,2018,978,stars_operations_allocation,A,land_area,Land Area (Ln),85.5,0.03765,0.16747,,
2017-2018,2018,978,stars_operations_allocation,A,average_distance,Average Distance,2.29917,0.05163,0.1187,,
2017-2018,2018,978,stars_operations_allocation,A,destinations,Destinations,106.5,0.01432,1.52525,,
2017-2018,2018,978,stars_operations_allocation,A,basic_program,Basic Program (Ln),20707.88,0.63154,6.27649,,
2017-2018,2018,978,stars_operations_allocation,A,special_program,Special Program (Ln),5273.63,0.12422,1.06461,,
2017-2018,2018,978,stars_operations_allocation,A,non_high_yes,Non-High Yes,,-0.13874,0.0,,
2017-2018,2018,978,stars_operations_allocation,A,non_high_no,Non-High No,,-0.38763,0.0,,
2017-2018,2018,978,stars_operations_allocation,A,a1_sum_calculated_values,A.1. Sum of Calculated Values,,,9.15253,,
2017-2018,2018,978,stars_operations_allocation,A,a2_expected_allocation_constant,A.2. Expected Allocation Constant Value,,,8.12484,,
2017-2018,2018,978,stars_operations_allocation,A,a3_expected_allocation_value,A.3. Expected Allocation Value,,,17.27736,,
2017-2018,2018,978,stars_operations_allocation,A,a4_initial_allocation,A.4. Initial Allocation,,,,31875954.56,
2017-2018,2018,978,stars_operations_allocation,A,a5_local_characteristics_factor,A.5. Local Characteristics Factor,,,1.0,,
2017-2018,2018,978,stars_operations_allocation,A,a6_calculated_expected_allocation,A.6. CALCULATED EXPECTED ALLOCATION,,,,31875954.56,
2017-2018,2018,978,stars_operations_allocation,B,b1_non_high,B.1. Non-High,,,,0.0,
2017-2018,2018,978,stars_operations_allocation,B,b2_low_ridership,B.2. Low Ridership,,,,0.0,
2017-2018,2018,978,stars_operations_allocation,B,b3_transportation_coop,B.3. Transportation Co-op,,,,0.0,
2017-2018,2018,978,stars_operations_allocation,B,b4_esd,B.4. ESD,,,,0.0,
2017-2018,2018,978,stars_operations_allocation,B,b5_other,B.5. Other,,,,0.0,
2017-2018,2018,978,stars_operations_allocation,B,b6_alternate_system_total,B.6. Alternate System Total,,,,0.0,31875954.56
2017-2018,2018,978,stars_operations_allocation,C,c1_alt_calendar_modifier,C.1. Alt Calendar Modifier,,1.0,,,31875954.56
2017-2018,2018,978,stars_operations_allocation,C,c2_car_mileage_reimbursement,C.2. Car Mileage Reimbursement,,,,0.0,
2017-2018,2018,978,stars_operations_allocation,C,c3_other_adjustments_total,C.3. Other Adjustments Total,,,,0.0,31875954.56
2017-2018,2018,978,stars_operations_allocation,D,d1_adjusted_allocation,D.1. Adjusted Allocation,,,,31875954.56,
2017-2018,2018,978,stars_operations_allocation,D,d2_prior_year_expenditures,D.2. Prior Year Expenditures,,,,31790460.0,
2017-2018,2018,978,stars_operations_allocation,D,d3_federal_restricted_rate_indirects,D.3. Federal Restricted Rate Indirects,,,,1268439.35,
2017-2018,2018,978,stars_operations_allocation,D,d4_adjusted_prior_year_expenditures,D.4. Adjusted Prior Year Expenditures,,,,33058899.35,
2017-2018,2018,978,stars_operations_allocation,D,d5_lesser_of_adjusted_or_prior_year,D.5. Lesser of Adjusted Allocation or Adjusted Prior Year Expenditures,,,,31875954.56,
2017-2018,2018,978,stars_operations_allocation,D,d6_legislative_salary,D.6. Legislative Salary,,,,422414.28,
2017-2018,2018,978,stars_operations_allocation,D,d7_legislative_benefit,D.7. Legislative Benefit,,,,89129.41,
2017-2018,2018,978,stars_operations_allocation,D,d8_actual_allocation_amount,D.8. ACTUAL ALLOCATION AMOUNT,,,,32387498.25,
2018-2019,2019,2807,stars_operations_allocation,A,land_area,Land Area (Ln),85.5,0.05063,0.22522,,
2018-2019,2019,2807,stars_operations_allocation,A,average_distance,Average Distance,2.26087,0.0482,0.10897,,
2018-2019,2019,2807,stars_operations_allocation,A,destinations,Destinations,105.5,0.01322,1.39471,,
2018-2019,2019,2807,stars_operations_allocation,A,basic_program,Basic Program (Ln),18962.13,0.66182,6.51909,,
2018-2019,2019,2807,stars_operations_allocation,A,special_program,Special Program (Ln),4967.0,0.11903,1.01304,,
2018-2019,2019,2807,stars_operations_allocation,A,non_high_yes,Non-High Yes,,0.0,0.0,,
2018-2019,2019,2807,stars_operations_allocation,A,non_high_no,Non-High No,,-0.28244,0.0,,
2018-2019,2019,2807,stars_operations_allocation,A,a1_sum_calculated_values,A.1. Sum of Calculated Values,,,9.26104,,
2018-2019,2019,2807,stars_operations_allocation,A,a2_expected_allocation_constant,A.2. Expected Allocation Constant Value,,,7.95283,,
2018-2019,2019,2807,stars_operations_allocation,A,a3_expected_allocation_value,A.3. Expected Allocation Value,,,17.21387,,
2018-2019,2019,2807,stars_operations_allocation,A,a4_initial_allocation,A.4. Initial Allocation,,,,29914910.38,
2018-2019,2019,2807,stars_operations_allocation,A,a5_local_characteristics_factor,A.5. Local Characteristics Factor,,,1.0,,
2018-2019,2019,2807,stars_operations_allocation,A,a6_calculated_expected_allocation,A.6. CALCULATED EXPECTED ALLOCATION,,,,29914910.38,
2018-2019,2019,2807,stars_operations_allocation,B,b1_non_high,B.1. Non-High,,,,0.0,
2018-2019,2019,2807,stars_operations_allocation,B,b2_low_ridership,B.2. Low Ridership,,,,0.0,
2018-2019,2019,2807,stars_operations_allocation,B,b3_transportation_coop,B.3. Transportation Co-op,,,,0.0,
2018-2019,2019,2807,stars_operations_allocation,B,b4_esd,B.4. ESD,,,,0.0,
2018-2019,2019,2807,stars_operations_allocation,B,b5_other,B.5. Other,,,,0.0,
2018-2019,2019,2807,stars_operations_allocation,B,b6_alternate_system_total,B.6. Alternate System Total,,,,0.0,29914910.38
2018-2019,2019,2807,stars_operations_allocation,C,c1_alt_calendar_modifier,C.1. Alt Calendar Modifier,,1.0,,,29914910.38
2018-2019,2019,2807,stars_operations_allocation,C,c2_car_mileage_reimbursement,C.2. Car Mileage Reimbursement,,,,44.0,
2018-2019,2019,2807,stars_operations_allocation,C,c3_other_adjustments_total,C.3. Other Adjustments Total,,,,44.0,29914954.38
2018-2019,2019,2807,stars_operations_allocation,D,d1_adjusted_allocation,D.1. Adjusted Allocation,,,,29914954.38,
2018-2019,2019,2807,stars_operations_allocation,D,d2_prior_year_expenditures,D.2. Prior Year Expenditures,,,,33630114.24,
2018-2019,2019,2807,stars_operations_allocation,D,d3_federal_restricted_rate_indirects,D.3. Federal Restricted Rate Indirects,,,,1096341.72,
2018-2019,2019,2807,stars_operations_allocation,D,d4_adjusted_prior_year_expenditures,D.4. Adjusted Prior Year Expenditures,,,,34726455.96,
2018-2019,2019,2807,stars_operations_allocation,D,d5_lesser_of_adjusted_or_prior_year,D.5. Lesser of Adjusted Allocation or Adjusted Prior Year Expenditures,,,,29914954.38,
2018-2019,2019,2807,stars_operations_allocation,D,d6_legislative_salary,D.6. Legislative Salary,,,,7273907.0,
2018-2019,2019,2807,stars_operations_allocation,D,d7_legislative_benefit,D.7. Legislative Benefit,,,,1742371.25,
2018-2019,2019,2807,stars_operations_allocation,D,d8_actual_allocation_amount,D.8. ACTUAL ALLOCATION AMOUNT,,,,38931232.63,
2019-2020,2020,4633,stars_operations_allocation,A,land_area,Land Area (Ln),85.5,0.06,0.26691,,
2019-2020,2020,4633,stars_operations_allocation,A,average_distance,Average Distance,2.22363,0.041,0.09117,,
2019-2020,2020,4633,stars_operations_allocation,A,destinations,Destinations,106.625,0.013,1.38613,,
2019-2020,2020,4633,stars_operations_allocation,A,basic_program,Basic Program (Ln),18226.75,0.685,6.72033,,
2019-2020,2020,4633,stars_operations_allocation,A,special_program,Special Program (Ln),4890.75,0.103,0.87502,,
2019-2020,2020,4633,stars_operations_allocation,A,non_high_yes,Non-High Yes,,0.0,0.0,,
2019-2020,2020,4633,stars_operations_allocation,A,non_high_no,Non-High No,,-0.33,0.0,,
2019-2020,2020,4633,stars_operations_allocation,A,a1_sum_calculated_values,A.1. Sum of Calculated Values,,,9.33955,,
2019-2020,2020,4633,stars_operations_allocation,A,a2_expected_allocation_constant,A.2. Expected Allocation Constant Value,,,7.927,,
2019-2020,2020,4633,stars_operations_allocation,A,a3_expected_allocation_value,A.3. Expected Allocation Value,,,17.26655,,
2019-2020,2020,4633,stars_operations_allocation,A,a4_initial_allocation,A.4. Initial Allocation,,,,31533057.15,
2019-2020,2020,4633,stars_operations_allocation,A,a5_local_characteristics_factor,A.5. Local Characteristics Factor,,,1.0,,
2019-2020,2020,4633,stars_operations_allocation,A,a6_calculated_expected_allocation,A.6. CALCULATED EXPECTED ALLOCATION,,,,31533057.15,
2019-2020,2020,4633,stars_operations_allocation,B,b1_non_high,B.1. Non-High,,,,0.0,
2019-2020,2020,4633,stars_operations_allocation,B,b2_low_ridership,B.2. Low Ridership,,,,0.0,
2019-2020,2020,4633,stars_operations_allocation,B,b3_transportation_coop,B.3. Transportation Co-op,,,,0.0,
2019-2020,2020,4633,stars_operations_allocation,B,b4_esd,B.4. ESD,,,,0.0,
2019-2020,2020,4633,stars_operations_allocation,B,b5_other,B.5. Other,,,,0.0,
2019-2020,2020,4633,stars_operations_allocation,B,b6_alternate_system_total,B.6. Alternate System Total,,,,0.0,31533057.15
2019-2020,2020,4633,stars_operations_allocation,C,c1_alt_calendar_modifier,C.1. Alt Calendar Modifier,,1.0,,,31533057.15
2019-2020,2020,4633,stars_operations_allocation,C,c2_car_mileage_reimbursement,C.2. Car Mileage Reimbursement,,,,0.0,
2019-2020,2020,4633,stars_operations_allocation,C,c3_other_adjustments_total,C.3. Other Adjustments Total,,,,0.0,31533057.15
2019-2020,2020,4633,stars_operations_allocation,D,d1_adjusted_allocation,D.1. Adjusted Allocation,,,,31533057.15,
2019-2020,2020,4633,stars_operations_allocation,D,d2_prior_year_expenditures,D.2. Prior Year Expenditures,,,,37821486.68,
2019-2020,2020,4633,stars_operations_allocation,D,d3_federal_restricted_rate_indirects,D.3. Federal Restricted Rate Indirects,,,,1425870.05,
2019-2020,2020,4633,stars_operations_allocation,D,d4_adjusted_prior_year_expenditures,D.4. Adjusted Prior Year Expenditures,,,,39247356.73,
2019-2020,2020,4633,stars_operations_allocation,D,d5_lesser_of_adjusted_or_prior_year,D.5. Lesser of Adjusted Allocation or Adjusted Prior Year Expenditures,,,,31533057.15,
2019-2020,2020,4633,stars_operations_allocation,D,d6_legislative_salary,D.6. Legislative Salary,,,,1531672.99,
2019-2020,2020,4633,stars_operations_allocation,D,d7_legislative_benefit,D.7. Legislative Benefit,,,,0.0,
2019-2020,2020,4633,stars_operations_allocation,D,d8_actual_allocation_amount,D.8. ACTUAL ALLOCATION AMOUNT,,,,33064730.14,
2020-2021,2021,5899,stars_operations_allocation,A,land_area,Land Area (Ln),85.5,0.059,0.26246,,
2020-2021,2021,5899,stars_operations_allocation,A,average_distance,Average Distance,3.84049,0.051,0.19587,,
2020-2021,2021,5899,stars_operations_allocation,A,destinations,Destinations,45.75,0.012,0.549,,
2020-2021,2021,5899,stars_operations_allocation,A,basic_program,Basic Program (Ln),6846.0,0.696,6.14677,,
2020-2021,2021,5899,stars_operations_allocation,A,special_program,Special Program (Ln),1873.5,0.092,0.69332,,
2020-2021,2021,5899,stars_operations_allocation,A,non_high_yes,Non-High Yes,,0.0,0.0,,
2020-2021,2021,5899,stars_operations_allocation,A,non_high_no,Non-High No,,-0.272,0.0,,
2020-2021,2021,5899,stars_operations_allocation,A,a1_sum_calculated_values,A.1. Sum of Calculated Values,,,7.84741,,
2020-2021,2021,5899,stars_operations_allocation,A,a2_expected_allocation_constant,A.2. Expected Allocation Constant Value,,,7.798,,
2020-2021,2021,5899,stars_operations_allocation,A,a3_expected_allocation_value,A.3. Expected Allocation Value,,,15.64541,,
2020-2021,2021,5899,stars_operations_allocation,A,a4_initial_allocation,A.4. Initial Allocation,,,,6233286.57,
2020-2021,2021,5899,stars_operations_allocation,A,a5_local_characteristics_factor,A.5. Local Characteristics Factor,,,1.0,,
2020-2021,2021,5899,stars_operations_allocation,A,a6_calculated_expected_allocation,A.6. CALCULATED EXPECTED ALLOCATION,,,,6233286.57,
2020-2021,2021,5899,stars_operations_allocation,B,b1_non_high,B.1. Non-High,,,,0.0,
2020-2021,2021,5899,stars_operations_allocation,B,b2_low_ridership,B.2. Low Ridership,,,,0.0,
2020-2021,2021,5899,stars_operations_allocation,B,b3_transportation_coop,B.3. Transportation Co-op,,,,0.0,
2020-2021,2021,5899,stars_operations_allocation,B,b4_esd,B.4. ESD,,,,0.0,
2020-2021,2021,5899,stars_operations_allocation,B,b5_other,B.5. Other,,,,0.0,
2020-2021,2021,5899,stars_operations_allocation,B,b6_alternate_system_total,B.6. Alternate System Total,,,,0.0,6233286.57
2020-2021,2021,5899,stars_operations_allocation,C,c1_alt_calendar_modifier,C.1. Alt Calendar Modifier,,1.0,,,6233286.57
2020-2021,2021,5899,stars_operations_allocation,C,c2_car_mileage_reimbursement,C.2. Car Mileage Reimbursement,,,,0.0,
2020-2021,2021,5899,stars_operations_allocation,C,c3_other_adjustments_total,C.3. Other Adjustments Total,,,,0.0,6233286.57
2020-2021,2021,5899,stars_operations_allocation,D,d1_adjusted_allocation,D.1. Adjusted Allocation,,,,6233286.57,
2020-2021,2021,5899,stars_operations_allocation,D,d2_prior_year_expenditures,D.2. Prior Year Expenditures,,,,33064730.14,
2020-2021,2021,5899,stars_operations_allocation,D,d3_federal_restricted_rate_indirects,D.3. Federal Restricted Rate Indirects,,,,1074603.73,
2020-2021,2021,5899,stars_operations_allocation,D,d4_adjusted_prior_year_expenditures,D.4. Adjusted Prior Year Expenditures,,,,34139333.87,
2020-2021,2021,5899,stars_operations_allocation,D,d5_lesser_of_adjusted_or_prior_year,D.5. Lesser of Adjusted Allocation or Adjusted Prior Year Expenditures,,,,6233286.57,
2020-2021,2021,5899,stars_operations_allocation,D,d6_legislative_salary,D.6. Legislative Salary,,,,1021768.46,
2020-2021,2021,5899,stars_operations_allocation,D,d7_legislative_benefit,D.7. Legislative Benefit,,,,0.0,
2020-2021,2021,5899,stars_operations_allocation,D,d8_actual_allocation_amount,D.8. ACTUAL ALLOCATION AMOUNT,,,,7255055.03,
2021-2022,2022,7175,stars_operations_allocation,A,land_area,Land Area (Ln),85.5,-0.16829,-0.74863,,
2021-2022,2022,7175,stars_operations_allocation,A,average_distance,Average Distance,2.23076,0.03802,0.08481,,
2021-2022,2022,7175,stars_operations_allocation,A,destinations,Destinations,94.0,0.02009,1.88846,,
2021-2022,2022,7175,stars_operations_allocation,A,basic_program,Basic Program (Ln),10920.5,0.39364,3.66026,,
2021-2022,2022,7175,stars_operations_allocation,A,special_program,Special Program (Ln),2239.88,0.30301,2.33761,,
2021-2022,2022,7175,stars_operations_allocation,A,non_high_yes,Non-High Yes,,-0.27974,0.0,,
2021-2022,2022,7175,stars_operations_allocation,A,non_high_no,Non-High No,,-0.6408,0.0,,
2021-2022,2022,7175,stars_operations_allocation,A,a1_sum_calculated_values,A.1. Sum of Calculated Values,,,7.22251,,
2021-2022,2022,7175,stars_operations_allocation,A,a2_expected_allocation_constant,A.2. Expected Allocation Constant Value,,,10.57936,,
2021-2022,2022,7175,stars_operations_allocation,A,a3_expected_allocation_value,A.3. Expected Allocation Value,,,17.80187,,
2021-2022,2022,7175,stars_operations_allocation,A,a4_initial_allocation,A.4. Initial Allocation,,,,53858344.89,
2021-2022,2022,7175,stars_operations_allocation,A,a5_local_characteristics_factor,A.5. Local Characteristics Factor,,,1.0,,
2021-2022,2022,7175,stars_operations_allocation,A,a6_calculated_expected_allocation,A.6. CALCULATED EXPECTED ALLOCATION,,,,53858344.89,
2021-2022,2022,7175,stars_operations_allocation,B,b1_non_high,B.1. Non-High,,,,0.0,
2021-2022,2022,7175,stars_operations_allocation,B,b2_low_ridership,B.2. Low Ridership,,,,0.0,
2021-2022,2022,7175,stars_operations_allocation,B,b3_transportation_coop,B.3. Transportation Co-op,,,,0.0,
2021-2022,2022,7175,stars_operations_allocation,B,b4_esd,B.4. ESD,,,,0.0,
2021-2022,2022,7175,stars_operations_allocation,B,b5_other,B.5. Other,,,,0.0,
2021-2022,2022,7175,stars_operations_allocation,B,b6_alternate_system_total,B.6. Alternate System Total,,,,0.0,53858344.89
2021-2022,2022,7175,stars_operations_allocation,C,c1_alt_calendar_modifier,C.1. Alt Calendar Modifier,,1.0,,,53858344.89
2021-2022,2022,7175,stars_operations_allocation,C,c2_car_mileage_reimbursement,C.2. Car Mileage Reimbursement,,,,0.0,
2021-2022,2022,7175,stars_operations_allocation,C,c3_other_adjustments_total,C.3. Other Adjustments Total,,,,0.0,53858344.89
2021-2022,2022,7175,stars_operations_allocation,D,d1_adjusted_allocation,D.1. Adjusted Allocation,,,,53858344.89,
2021-2022,2022,7175,stars_operations_allocation,D,d2_prior_year_expenditures,D.2. Prior Year Expenditures,,,,18278833.9,
2021-2022,2022,7175,stars_operations_allocation,D,d3_federal_restricted_rate_indirects,D.3. Federal Restricted Rate Indirects,,,,963294.55,
2021-2022,2022,7175,stars_operations_allocation,D,d4_adjusted_prior_year_expenditures,D.4. Adjusted Prior Year Expenditures,,,,19242128.45,
2021-2022,2022,7175,stars_operations_allocation,D,d5_lesser_of_adjusted_or_prior_year,D.5. Lesser of Adjusted Allocation or Adjusted Prior Year Expenditures,,,,19242128.45,
2021-2022,2022,7175,stars_operations_allocation,D,d6_legislative_salary,D.6. Legislative Salary,,,,805038.17,
2021-2022,2022,7175,stars_operations_allocation,D,d7_legislative_benefit,D.7. Legislative Benefit,,,,0.0,
2021-2022,2022,7175,stars_operations_allocation,D,d8_actual_allocation_amount,D.8. ACTUAL ALLOCATION AMOUNT,,,,20047166.61,
2022-2023,2023,9120,stars_operations_allocation,A,land_area,Land Area (Ln),85.5,0.034,0.15125,,
2022-2023,2023,9120,stars_operations_allocation,A,average_distance,Average Distance,2.17538,0.043,0.09354,,
2022-2023,2023,9120,stars_operations_allocation,A,destinations,Destinations,101.25,0.013,1.31625,,
2022-2023,2023,9120,stars_operations_allocation,A,basic_program,Basic Program (Ln),11086.5,0.704,6.55676,,
2022-2023,2023,9120,stars_operations_allocation,A,special_program,Special Program (Ln),3066.13,0.097,0.77876,,
2022-2023,2023,9120,stars_operations_allocation,A,non_high_yes,Non-High Yes,,0.0,0.0,,
2022-2023,2023,9120,stars_operations_allocation,A,non_high_no,Non-High No,,-0.288,0.0,,
2022-2023,2023,9120,stars_operations_allocation,A,a1_sum_calculated_values,A.1. Sum of Calculated Values,,,8.89656,,
2022-2023,2023,9120,stars_operations_allocation,A,a2_expected_allocation_constant,A.2. Expected Allocation Constant Value,,,8.202,,
2022-2023,2023,9120,stars_operations_allocation,A,a3_expected_allocation_value,A.3. Expected Allocation Value,,,17.09856,,
2022-2023,2023,9120,stars_operations_allocation,A,a4_initial_allocation,A.4. Initial Allocation,,,,26656902.14,
2022-2023,2023,9120,stars_operations_allocation,A,a5_local_characteristics_factor,A.5. Local Characteristics Factor,,,1.0,,
2022-2023,2023,9120,stars_operations_allocation,A,a6_calculated_expected_allocation,A.6. CALCULATED EXPECTED ALLOCATION,,,,26656902.13,
2022-2023,2023,9120,stars_operations_allocation,B,b1_non_high,B.1. Non-High,,,,0.0,
2022-2023,2023,9120,stars_operations_allocation,B,b2_low_ridership,B.2. Low Ridership,,,,0.0,
2022-2023,2023,9120,stars_operations_allocation,B,b3_transportation_coop,B.3. Transportation Co-op,,,,0.0,
2022-2023,2023,9120,stars_operations_allocation,B,b4_esd,B.4. ESD,,,,0.0,
2022-2023,2023,9120,stars_operations_allocation,B,b5_other,B.5. Other,,,,0.0,
2022-2023,2023,9120,stars_operations_allocation,B,b6_alternate_system_total,B.6. Alternate System Total,,,,0.0,26656902.13
2022-2023,2023,9120,stars_operations_allocation,C,c1_alt_calendar_modifier,C.1. Alt Calendar Modifier,,1.0,,,26656902.13
2022-2023,2023,9120,stars_operations_allocation,C,c2_car_mileage_reimbursement,C.2. Car Mileage Reimbursement,,,,62.5,
2022-2023,2023,9120,stars_operations_allocation,C,c3_other_adjustments_total,C.3. Other Adjustments Total,,,,62.5,26656964.63
2022-2023,2023,9120,stars_operations_allocation,D,d1_adjusted_allocation,D.1. Adjusted Allocation,,,,26656964.63,
2022-2023,2023,9120,stars_operations_allocation,D,d2_prior_year_expenditures,D.2. Prior Year Expenditures,,,,35074443.39,
2022-2023,2023,9120,stars_operations_allocation,D,d3_federal_restricted_rate_indirects,D.3. Federal Restricted Rate Indirects,,,,1634469.06,
2022-2023,2023,9120,stars_operations_allocation,D,d4_adjusted_prior_year_expenditures,D.4. Adjusted Prior Year Expenditures,,,,36708912.45,
2022-2023,2023,9120,stars_operations_allocation,D,d5_lesser_of_adjusted_or_prior_year,D.5. Lesser of Adjusted Allocation or Adjusted Prior Year Expenditures,,,,26656964.63,
2022-2023,2023,9120,stars_operations_allocation,D,d6_legislative_salary,D.6. Legislative Salary,,,,1587257.19,
2022-2023,2023,9120,stars_operations_allocation,D,d7_legislative_benefit,D.7. Legislative Benefit,,,,0.0,
2022-2023,2023,9120,stars_operations_allocation,D,d8_actual_allocation_amount,D.8. ACTUAL ALLOCATION AMOUNT,,,,28244221.82,
2023-2024,2024,11127,stars_operations_allocation,A,land_area,Land Area (Ln),85.5,0.04374,0.19458,,
2023-2024,2024,11127,stars_operations_allocation,A,average_distance,Average Distance,2.16553,0.04259,0.09223,,
2023-2024,2024,11127,stars_operations_allocation,A,destinations,Destinations,102.625,0.01627,1.66971,,
2023-2024,2024,11127,stars_operations_allocation,A,basic_program,Basic Program (Ln),9050.63,0.67012,6.10526,,
2023-2024,2024,11127,stars_operations_allocation,A,special_program,Special Program (Ln),3673.63,0.11381,0.93429,,
2023-2024,2024,11127,stars_operations_allocation,A,non_high_yes,Non-High Yes,,0.0,0.0,,
2023-2024,2024,11127,stars_operations_allocation,A,non_high_no,Non-High No,,-0.18929,0.0,,
2023-2024,2024,11127,stars_operations_allocation,A,a1_sum_calculated_values,A.1. Sum of Calculated Values,,,8.99607,,
2023-2024,2024,11127,stars_operations_allocation,A,a2_expected_allocation_constant,A.2. Expected Allocation Constant Value,,,8.36534,,
2023-2024,2024,11127,stars_operations_allocation,A,a3_expected_allocation_value,A.3. Expected Allocation Value,,,17.3614,,
2023-2024,2024,11127,stars_operations_allocation,A,a4_initial_allocation,A.4. Initial Allocation,,,,34670600.99,
2023-2024,2024,11127,stars_operations_allocation,A,a5_local_characteristics_factor,A.5. Local Characteristics Factor,,,1.0,,
2023-2024,2024,11127,stars_operations_allocation,A,a6_calculated_expected_allocation,A.6. CALCULATED EXPECTED ALLOCATION,,,,34670600.99,
2023-2024,2024,11127,stars_operations_allocation,B,b1_non_high,B.1. Non-High,,,,0.0,
2023-2024,2024,11127,stars_operations_allocation,B,b2_low_ridership,B.2. Low Ridership,,,,0.0,
2023-2024,2024,11127,stars_operations_allocation,B,b3_transportation_coop,B.3. Transportation Co-op,,,,0.0,
2023-2024,2024,11127,stars_operations_allocation,B,b4_esd,B.4. ESD,,,,0.0,
2023-2024,2024,11127,stars_operations_allocation,B,b5_other,B.5. Other,,,,0.0,
2023-2024,2024,11127,stars_operations_allocation,B,b6_alternate_system_total,B.6. Alternate System Total,,,,0.0,34670600.99
2023-2024,2024,11127,stars_operations_allocation,C,c1_alt_calendar_modifier,C.1. Alt Calendar Modifier,,1.0,,,34670600.99
2023-2024,2024,11127,stars_operations_allocation,C,c2_car_mileage_reimbursement,C.2. Car Mileage Reimbursement,,,,0.0,
2023-2024,2024,11127,stars_operations_allocation,C,c3_other_adjustments_total,C.3. Other Adjustments Total,,,,0.0,34670600.99
2023-2024,2024,11127,stars_operations_allocation,D,d1_adjusted_allocation,D.1. Adjusted Allocation,,,,34670600.99,
2023-2024,2024,11127,stars_operations_allocation,D,d2_prior_year_expenditures,D.2. Prior Year Expenditures,,,,61787631.6,
2023-2024,2024,11127,stars_operations_allocation,D,d3_federal_restricted_rate_indirects,D.3. Federal Restricted Rate Indirects,,,,2063706.9,
2023-2024,2024,11127,stars_operations_allocation,D,d4_adjusted_prior_year_expenditures,D.4. Adjusted Prior Year Expenditures,,,,63851338.5,
2023-2024,2024,11127,stars_operations_allocation,D,d5_lesser_of_adjusted_or_prior_year,D.5. Lesser of Adjusted Allocation or Adjusted Prior Year Expenditures,,,,34670600.99,
2023-2024,2024,11127,stars_operations_allocation,D,d6_legislative_salary,D.6. Legislative Salary,,,,801712.75,
2023-2024,2024,11127,stars_operations_allocation,D,d7_legislative_benefit,D.7. Legislative Benefit,,,,0.0,
2023-2024,2024,11127,stars_operations_allocation,D,d8_actual_allocation_amount,D.8. ACTUAL ALLOCATION AMOUNT,,,,35472313.73,
2024-2025,2025,13129,stars_operations_allocation,A,land_area,Land Area (Ln),85.5,0.06072,0.27011,,
2024-2025,2025,13129,stars_operations_allocation,A,average_distance,Average Distance,2.1603,0.02963,0.06401,,
2024-2025,2025,13129,stars_operations_allocation,A,destinations,Destinations,105.75,0.01535,1.62326,,
2024-2025,2025,13129,stars_operations_allocation,A,basic_program,Basic Program (Ln),9658.88,0.6811,6.24959,,
2024-2025,2025,13129,stars_operations_allocation,A,special_program,Special Program (Ln),3932.0,0.10362,0.85768,,
2024-2025,2025,13129,stars_operations_allocation,A,non_high_yes,Non-High Yes,,0.0,0.0,,
2024-2025,2025,13129,stars_operations_allocation,A,non_high_no,Non-High No,,-0.20779,0.0,,
2024-2025,2025,13129,stars_operations_allocation,A,a1_sum_calculated_values,A.1. Sum of Calculated Values,,,9.06465,,
2024-2025,2025,13129,stars_operations_allocation,A,a2_expected_allocation_constant,A.2. Expected Allocation Constant Value,,,8.3721,,
2024-2025,2025,13129,stars_operations_allocation,A,a3_expected_allocation_value,A.3. Expected Allocation Value,,,17.43675,,
2024-2025,2025,13129,stars_operations_allocation,A,a4_initial_allocation,A.4. Initial Allocation,,,,37384049.11,
2024-2025,2025,13129,stars_operations_allocation,A,a5_local_characteristics_factor,A.5. Local Characteristics Factor,,,1.0,,
2024-2025,2025,13129,stars_operations_allocation,A,a6_calculated_expected_allocation,A.6. CALCULATED EXPECTED ALLOCATION,,,,37384049.11,
2024-2025,2025,13129,stars_operations_allocation,B,b1_non_high,B.1. Non-High,,,,0.0,
2024-2025,2025,13129,stars_operations_allocation,B,b2_low_ridership,B.2. Low Ridership,,,,0.0,
2024-2025,2025,13129,stars_operations_allocation,B,b3_transportation_coop,B.3. Transportation Co-op,,,,0.0,
2024-2025,2025,13129,stars_operations_allocation,B,b4_esd,B.4. ESD,,,,0.0,
2024-2025,2025,13129,stars_operations_allocation,B,b5_other,B.5. Other,,,,0.0,
2024-2025,2025,13129,stars_operations_allocation,B,b6_alternate_system_total,B.6. Alternate System Total,,,,0.0,37384049.11
2024-2025,2025,13129,stars_operations_allocation,C,c1_alt_calendar_modifier,C.1. Alt Calendar Modifier,,1.0,,,37384049.11
2024-2025,2025,13129,stars_operations_allocation,C,c2_car_mileage_reimbursement,C.2. Car Mileage Reimbursement,,,,0.0,
2024-2025,2025,13129,stars_operations_allocation,C,c3_other_adjustments_total,C.3. Other Adjustments Total,,,,0.0,37384049.11
2024-2025,2025,13129,stars_operations_allocation,D,d1_adjusted_allocation,D.1. Adjusted Allocation,,,,37384049.11,
2024-2025,2025,13129,stars_operations_allocation,D,d2_prior_year_expenditures,D.2. Prior Year Expenditures,,,,58879960.1,
2024-2025,2025,13129,stars_operations_allocation,D,d3_federal_restricted_rate_indirects,D.3. Federal Restricted Rate Indirects,,,,2555390.27,
2024-2025,2025,13129,stars_operations_allocation,D,d4_adjusted_prior_year_expenditures,D.4. Adjusted Prior Year Expenditures,,,,61435350.37,
2024-2025,2025,13129,stars_operations_allocation,D,d5_lesser_of_adjusted_or_prior_year,D.5. Lesser of Adjusted Allocation or Adjusted Prior Year Expenditures,,,,37384049.11,
2024-2025,2025,13129,stars_operations_allocation,D,d6_legislative_salary,D.6. Legislative Salary,,,,1010480.14,
2024-2025,2025,13129,stars_operations_allocation,D,d7_legislative_benefit,D.7. Legislative Benefit,,,,0.0,
2024-2025,2025,13129,stars_operations_allocation,D,d8_actual_allocation_amount,D.8. ACTUAL ALLOCATION AMOUNT,,,,38394529.25,
2025-2026,2026,14731,stars_operations_allocation,A,land_area,Land Area (Ln),85.5,0.02839,0.12629,,
2025-2026,2026,14731,stars_operations_allocation,A,average_distance,Average Distance,2.16255,0.04231,0.0915,,
2025-2026,2026,14731,stars_operations_allocation,A,destinations,Destinations,105.75,0.01523,1.61057,,
2025-2026,2026,14731,stars_operations_allocation,A,basic_program,Basic Program (Ln),9194.75,0.66498,6.06894,,
2025-2026,2026,14731,stars_operations_allocation,A,special_program,Special Program (Ln),4256.25,0.11,0.9192,,
2025-2026,2026,14731,stars_operations_allocation,A,non_high_yes,Non-High Yes,,0.0,0.0,,
2025-2026,2026,14731,stars_operations_allocation,A,non_high_no,Non-High No,,-0.29176,0.0,,
2025-2026,2026,14731,stars_operations_allocation,A,a1_sum_calculated_values,A.1. Sum of Calculated Values,,,8.8165,,
2025-2026,2026,14731,stars_operations_allocation,A,a2_expected_allocation_constant,A.2. Expected Allocation Constant Value,,,8.6013,,
2025-2026,2026,14731,stars_operations_allocation,A,a3_expected_allocation_value,A.3. Expected Allocation Value,,,17.4178,,
2025-2026,2026,14731,stars_operations_allocation,A,a4_initial_allocation,A.4. Initial Allocation,,,,36682298.35,
2025-2026,2026,14731,stars_operations_allocation,A,a5_local_characteristics_factor,A.5. Local Characteristics Factor,,,1.0,,
2025-2026,2026,14731,stars_operations_allocation,A,a6_calculated_expected_allocation,A.6. CALCULATED EXPECTED ALLOCATION,,,,36682298.35,
2025-2026,2026,14731,stars_operations_allocation,B,b1_non_high,B.1. Non-High,,,,0.0,
2025-2026,2026,14731,stars_operations_allocation,B,b2_low_ridership,B.2. Low Ridership,,,,0.0,
2025-2026,2026,14731,stars_operations_allocation,B,b3_transportation_coop,B.3. Transportation Co-op,,,,0.0,
2025-2026,2026,14731,stars_operations_allocation,B,b4_esd,B.4. ESD,,,,0.0,
2025-2026,2026,14731,stars_operations_allocation,B,b5_other,B.5. Other,,,,0.0,
2025-2026,2026,14731,stars_operations_allocation,B,b6_alternate_system_total,B.6. Alternate System Total,,,,0.0,36682298.35
2025-2026,2026,14731,stars_operations_allocation,C,c1_alt_calendar_modifier,C.1. Alt Calendar Modifier,,1.0,,,36682298.35
2025-2026,2026,14731,stars_operations_allocation,C,c2_car_mileage_reimbursement,C.2. Car Mileage Reimbursement,,,,0.0,
2025-2026,2026,14731,stars_operations_allocation,C,c3_other_adjustments_total,C.3. Other Adjustments Total,,,,0.0,36682298.35
2025-2026,2026,14731,stars_operations_allocation,D,d1_adjusted_allocation,D.1. Adjusted Allocation,,,,36682298.35,
2025-2026,2026,14731,stars_operations_allocation,D,d2_prior_year_expenditures,D.2. Prior Year Expenditures,,,,59773326.13,
2025-2026,2026,14731,stars_operations_allocation,D,d3_federal_restricted_rate_indirects,D.3. Federal Restricted Rate Indirects,,,,2815323.66,
2025-2026,2026,14731,stars_operations_allocation,D,d4_adjusted_prior_year_expenditures,D.4. Adjusted Prior Year Expenditures,,,,62588649.79,
2025-2026,2026,14731,stars_operations_allocation,D,d5_lesser_of_adjusted_or_prior_year,D.5. Lesser of Adjusted Allocation or Adjusted Prior Year Expenditures,,,,36682298.35,
2025-2026,2026,14731,stars_operations_allocation,D,d6_legislative_salary,D.6. Legislative Salary,,,,1048781.91,
2025-2026,2026,14731,stars_operations_allocation,D,d7_legislative_benefit,D.7. Legislative Benefit,,,,0.0,
2025-2026,2026,14731,stars_operations_allocation,D,d8_actual_allocation_amount,D.8. ACTUAL ALLOCATION AMOUNT,,,,37731080.26,
