school_id,name,classification,is_hcc_site_current,year,basic_n_routes,basic_avg_dist_mi,basic_avg_stops,gifted_n_routes,gifted_avg_dist_mi,gifted_avg_stops,gifted_dist_ratio,gifted_longer
14,Garfield,neighborhood,False,2017,2,2.935,9.5,6,6.449999999999999,10.666666666666666,2.197614991482112,True
105,Hamilton,neighborhood,False,2017,2,2.35,3.5,4,3.01,5.0,1.2808510638297872,True
106,Jane Addams,neighborhood,False,2017,3,1.9833333333333332,4.666666666666667,5,2.57,9.2,1.2957983193277312,True
107,Madison,neighborhood,False,2017,3,2.4333333333333336,7.666666666666667,2,4.135,6.0,1.6993150684931504,True
113,Robert Eagle Staff,neighborhood,False,2017,2,2.515,5.5,3,2.85,4.666666666666667,1.1332007952286283,True
117,Washington,neighborhood,False,2017,2,2.435,4.0,7,3.5457142857142863,8.714285714285714,1.4561454972132593,True
203,Arbor Heights,neighborhood,False,2017,2,1.45,10.5,1,2.0,8.0,1.3793103448275863,True
208,Broadview-Thomson,neighborhood,False,2017,1,1.21,4.0,1,1.59,7.0,1.3140495867768596,True
212,Thurgood Marshall,neighborhood,True,2017,1,1.93,13.0,9,3.4244444444444446,13.0,1.774323546344272,True
222,Fairmount Park,neighborhood,False,2017,1,2.23,13.0,4,1.925,16.5,0.8632286995515696,False
243,Lawton,neighborhood,False,2017,2,1.215,7.0,1,1.22,6.0,1.0041152263374484,True
277,View Ridge,neighborhood,False,2017,1,2.15,6.0,2,1.855,8.0,0.8627906976744186,False
279,Wedgwood,neighborhood,False,2017,1,1.09,6.0,2,1.39,10.0,1.275229357798165,True
14,Garfield,neighborhood,False,2018,2,2.935,9.5,6,6.638333333333333,10.166666666666666,2.2617830777967063,True
105,Hamilton,neighborhood,False,2018,2,2.375,4.0,4,3.0025,5.0,1.2642105263157895,True
106,Jane Addams,neighborhood,False,2018,2,1.94,3.5,6,2.475,8.5,1.2757731958762888,True
107,Madison,neighborhood,False,2018,1,2.61,8.0,4,3.2325,6.75,1.238505747126437,True
113,Robert Eagle Staff,neighborhood,False,2018,3,2.556666666666666,6.0,3,2.926666666666667,5.0,1.1447196870925689,True
203,Arbor Heights,neighborhood,False,2018,2,1.485,9.5,1,1.95,8.0,1.313131313131313,True
239,Lafayette,neighborhood,False,2018,1,2.3,8.0,1,1.34,10.0,0.582608695652174,False
243,Lawton,neighborhood,False,2018,1,1.0,9.0,1,1.38,9.0,1.38,True
277,View Ridge,neighborhood,False,2018,1,1.77,5.0,2,2.095,7.0,1.1836158192090396,True
279,Wedgwood,neighborhood,False,2018,1,0.82,4.0,2,1.47,9.0,1.7926829268292683,True
105,Hamilton,neighborhood,False,2019,2,2.3699999999999997,3.5,4,3.0875,4.5,1.3027426160337554,True
106,Jane Addams,neighborhood,False,2019,5,2.14,3.8,4,2.65,9.25,1.2383177570093458,True
107,Madison,neighborhood,False,2019,3,2.4066666666666667,6.0,2,3.82,6.5,1.5872576177285318,True
113,Robert Eagle Staff,neighborhood,False,2019,3,2.566666666666667,5.333333333333333,2,3.0750000000000006,4.0,1.1980519480519483,True
117,Washington,neighborhood,False,2019,3,2.6566666666666667,6.333333333333333,6,3.691666666666667,10.666666666666666,1.389585947302384,True
203,Arbor Heights,neighborhood,False,2019,2,1.515,8.5,1,1.4799999999999998,7.0,0.9768976897689768,False
222,Fairmount Park,neighborhood,False,2019,2,1.86,9.5,3,2.023333333333333,11.666666666666666,1.0878136200716844,True
279,Wedgwood,neighborhood,False,2019,1,0.8000000000000002,5.0,2,1.265,6.0,1.5812499999999996,True
282,Whittier,neighborhood,False,2019,1,1.08,3.0,1,1.0,4.0,0.9259259259259258,False
286,Wing Luke,neighborhood,False,2019,1,1.3,9.0,1,1.6900000000000002,5.0,1.3,True
955,Licton Springs,option,False,2019,3,2.0999999999999996,8.666666666666666,1,2.4,1.0,1.142857142857143,True
105,Hamilton,neighborhood,False,2021,2,2.435,3.5,4,3.1475000000000004,7.75,1.2926078028747434,True
106,Jane Addams,neighborhood,False,2021,5,1.748,8.8,4,2.9375,14.75,1.680491990846682,True
107,Madison,neighborhood,False,2021,2,2.645,8.5,3,3.3966666666666665,12.666666666666666,1.2841839949590421,True
113,Robert Eagle Staff,neighborhood,False,2021,4,2.8575,8.5,1,3.01,11.0,1.05336832895888,True
117,Washington,neighborhood,False,2021,2,2.155,3.5,6,3.8633333333333337,8.0,1.7927300850734729,True
203,Arbor Heights,neighborhood,False,2021,2,1.4500000000000002,4.0,1,1.59,6.0,1.096551724137931,True
222,Fairmount Park,neighborhood,False,2021,2,1.745,8.5,3,2.27,9.666666666666666,1.300859598853868,True
105,Hamilton,neighborhood,False,2022,2,2.41,3.0,4,3.1374999999999997,7.25,1.3018672199170123,True
106,Jane Addams,neighborhood,False,2022,5,1.748,8.4,4,2.86,14.166666666666666,1.6361556064073226,True
113,Robert Eagle Staff,neighborhood,False,2022,3,2.966666666666667,6.0,2,2.9133333333333336,7.333333333333333,0.9820224719101124,False
117,Washington,neighborhood,False,2022,3,2.3200000000000003,5.0,4,4.053636363636364,10.181818181818182,1.747257053291536,True
203,Arbor Heights,neighborhood,False,2022,2,1.5016666666666667,4.833333333333333,1,1.4333333333333331,4.333333333333333,0.9544950055493894,False
222,Fairmount Park,neighborhood,False,2022,1,1.5200000000000002,9.0,4,2.299166666666667,8.583333333333334,1.512609649122807,True
105,Hamilton,neighborhood,False,2023,2,2.415,3.0,4,3.0025,6.75,1.2432712215320911,True
106,Jane Addams,neighborhood,False,2023,6,1.8716666666666664,8.666666666666666,3,2.8533333333333335,12.666666666666666,1.5244879786286736,True
113,Robert Eagle Staff,neighborhood,False,2023,3,2.8033333333333332,5.666666666666667,2,2.805,8.0,1.0005945303210464,True
117,Washington,neighborhood,False,2023,4,3.4599999999999995,8.75,2,3.67,6.0,1.0606936416184973,True
105,Hamilton,neighborhood,False,2024,2,2.295,6.5,3,2.893333333333333,8.333333333333334,1.260711692084241,True
106,Jane Addams,neighborhood,False,2024,5,1.734,8.2,4,2.73,9.0,1.57439446366782,True
113,Robert Eagle Staff,neighborhood,False,2024,3,2.72,6.0,2,2.75,9.0,1.0110294117647058,True
117,Washington,neighborhood,False,2024,2,2.74,5.5,4,3.5875,7.0,1.3093065693430657,True
105,Hamilton,neighborhood,False,2025,2,2.365,5.0,3,3.03,8.666666666666666,1.281183932346723,True
106,Jane Addams,neighborhood,False,2025,5,1.738,7.8,4,2.6825,9.75,1.5434407364787113,True
107,Madison,neighborhood,False,2025,3,2.6799999999999997,6.333333333333333,2,3.495,9.0,1.3041044776119404,True
113,Robert Eagle Staff,neighborhood,False,2025,3,2.72,6.0,2,2.76,9.0,1.0147058823529411,True
117,Washington,neighborhood,False,2025,2,2.7249999999999996,4.0,4,3.6075,9.25,1.3238532110091745,True
