school_id,school_year,year,program,n_routes,avg_distance_mi,avg_stops
201,2017-2018,2017,basic,2,0.9250000000000002,4.0
201,2017-2018,2017,special_ed,4,2.275,5.25
130,2017-2018,2017,basic,9,2.1011111111111114,5.888888888888889
130,2017-2018,2017,special_ed,5,1.85,6.2
202,2017-2018,2017,basic,2,1.47,7.5
202,2017-2018,2017,special_ed,1,4.76,3.0
203,2017-2018,2017,basic,2,1.45,10.5
203,2017-2018,2017,gifted,1,2.0,8.0
203,2017-2018,2017,special_ed,6,2.443333333333334,5.833333333333333
218,2017-2018,2017,basic,3,0.8966666666666667,8.333333333333334
218,2017-2018,2017,special_ed,5,2.274,3.6
226,2017-2018,2017,basic,1,1.1,4.0
226,2017-2018,2017,homeless,2,2.335,2.5
226,2017-2018,2017,special_ed,5,2.046,8.2
11,2017-2018,2017,basic,2,3.2750000000000004,3.0
11,2017-2018,2017,special_ed,7,2.105714285714286,3.5714285714285716
205,2017-2018,2017,basic,1,1.25,1.0
208,2017-2018,2017,basic,1,1.21,4.0
208,2017-2018,2017,early_ed,1,1.09,14.0
208,2017-2018,2017,gifted,1,1.59,7.0
208,2017-2018,2017,special_ed,5,1.888,6.2
209,2017-2018,2017,basic,2,1.01,5.5
209,2017-2018,2017,special_ed,2,0.43,1.5
971,2017-2018,2017,gifted,13,3.224615384615385,13.76923076923077
289,2017-2018,2017,basic,2,1.075,6.5
289,2017-2018,2017,homeless,1,3.99,1.0
210,2017-2018,2017,basic,1,1.32,10.0
18,2017-2018,2017,basic,3,3.41,3.6666666666666665
18,2017-2018,2017,special_ed,6,1.7266666666666666,6.833333333333333
12,2017-2018,2017,basic,4,2.4375,3.75
12,2017-2018,2017,special_ed,4,2.5,3.5
215,2017-2018,2017,basic,1,1.81,8.0
215,2017-2018,2017,early_ed,2,0.8850000000000001,11.5
215,2017-2018,2017,special_ed,2,1.7,5.5
204,2017-2018,2017,basic,2,0.7400000000000001,4.0
204,2017-2018,2017,special_ed,5,2.0660000000000003,3.6
251,2017-2018,2017,basic,1,1.1,3.0
251,2017-2018,2017,special_ed,3,1.9933333333333336,4.666666666666667
287,2017-2018,2017,gifted,3,1.606666666666667,15.666666666666666
103,2017-2018,2017,basic,7,2.357142857142857,3.0
103,2017-2018,2017,special_ed,6,1.711666666666667,7.5
219,2017-2018,2017,bilingual,1,1.23,10.0
219,2017-2018,2017,early_ed,6,1.24,6.833333333333333
219,2017-2018,2017,special_ed,1,1.18,9.0
104,2017-2018,2017,basic,3,2.1866666666666665,4.666666666666667
104,2017-2018,2017,special_ed,5,1.462,5.6
221,2017-2018,2017,basic,2,0.8799999999999999,6.0
221,2017-2018,2017,early_ed,2,1.175,10.5
221,2017-2018,2017,special_ed,3,2.29,9.0
222,2017-2018,2017,basic,1,2.23,13.0
222,2017-2018,2017,early_ed,4,2.0725,2.0
222,2017-2018,2017,gifted,4,1.925,16.5
222,2017-2018,2017,homeless,1,6.22,1.0
222,2017-2018,2017,special_ed,1,1.37,4.0
13,2017-2018,2017,special_ed,5,1.876,6.6
211,2017-2018,2017,basic,1,1.17,5.0
211,2017-2018,2017,homeless,1,10.05,1.0
211,2017-2018,2017,special_ed,1,0.81,4.0
14,2017-2018,2017,basic,2,2.935,9.5
14,2017-2018,2017,gifted,6,6.449999999999999,10.666666666666666
14,2017-2018,2017,special_ed,6,3.663333333333333,3.3333333333333335
225,2017-2018,2017,basic,1,0.98,4.0
225,2017-2018,2017,special_ed,2,1.29,6.5
270,2017-2018,2017,basic,2,1.29,5.5
270,2017-2018,2017,special_ed,3,1.96,5.0
220,2017-2018,2017,basic,1,1.27,13.0
220,2017-2018,2017,homeless,1,0.85,1.0
220,2017-2018,2017,special_ed,3,1.4733333333333334,9.0
229,2017-2018,2017,basic,4,1.195,11.25
229,2017-2018,2017,early_ed,1,2.85,2.0
229,2017-2018,2017,special_ed,5,3.3280000000000003,3.8
230,2017-2018,2017,basic,1,0.58,6.0
230,2017-2018,2017,early_ed,5,2.362,3.8
230,2017-2018,2017,special_ed,1,0.87,2.0
105,2017-2018,2017,basic,2,2.35,3.5
105,2017-2018,2017,gifted,4,3.01,5.0
105,2017-2018,2017,special_ed,4,2.94,4.5
233,2017-2018,2017,basic,1,1.28,11.0
233,2017-2018,2017,bilingual,2,1.6,11.0
233,2017-2018,2017,special_ed,2,2.11,7.5
292,2017-2018,2017,basic,8,1.765,12.0
292,2017-2018,2017,special_ed,4,2.67,6.0
235,2017-2018,2017,special_ed,3,1.34,4.0
20,2017-2018,2017,basic,4,4.7675,5.0
20,2017-2018,2017,special_ed,9,3.08,4.111111111111111
106,2017-2018,2017,basic,3,1.9833333333333332,4.666666666666667
106,2017-2018,2017,gifted,5,2.57,9.2
106,2017-2018,2017,special_ed,8,1.33625,3.0
234,2017-2018,2017,basic,4,2.17,8.75
234,2017-2018,2017,special_ed,4,2.3175,4.25
256,2017-2018,2017,gifted,1,2.42,3.0
256,2017-2018,2017,special_ed,2,1.89,6.5
266,2017-2018,2017,basic,2,1.03,8.0
266,2017-2018,2017,special_ed,4,1.755,4.25
241,2017-2018,2017,basic,2,1.325,15.5
972,2017-2018,2017,basic,8,2.35375,12.25
972,2017-2018,2017,special_ed,3,2.17,10.666666666666666
288,2017-2018,2017,basic,2,1.35,4.5
288,2017-2018,2017,special_ed,3,2.3433333333333333,6.666666666666667
239,2017-2018,2017,basic,2,1.895,13.0
239,2017-2018,2017,special_ed,2,1.93,5.0
242,2017-2018,2017,basic,2,1.55,7.0
242,2017-2018,2017,special_ed,5,3.228,4.0
243,2017-2018,2017,basic,2,1.215,7.0
243,2017-2018,2017,gifted,1,1.22,6.0
243,2017-2018,2017,special_ed,2,1.545,2.5
244,2017-2018,2017,basic,1,1.93,3.0
244,2017-2018,2017,special_ed,3,1.3066666666666666,5.333333333333333
955,2017-2018,2017,basic,5,2.1940000000000004,5.0
955,2017-2018,2017,special_ed,3,2.783333333333333,3.0
245,2017-2018,2017,basic,5,1.448,13.8
245,2017-2018,2017,early_ed,2,4.3950000000000005,2.5
245,2017-2018,2017,homeless,3,7.526666666666666,1.0
245,2017-2018,2017,special_ed,11,3.307272727272727,3.909090909090909
246,2017-2018,2017,basic,7,3.482857142857143,4.857142857142857
246,2017-2018,2017,special_ed,4,3.705,5.5
107,2017-2018,2017,basic,3,2.4333333333333336,7.666666666666667
107,2017-2018,2017,gifted,2,4.135,6.0
107,2017-2018,2017,special_ed,4,2.445,4.5
249,2017-2018,2017,special_ed,2,10.69,1.5
249,2017-2018,2017,basic,1,1.04,5.0
249,2017-2018,2017,special_ed,2,2.165,4.5
252,2017-2018,2017,basic,2,1.125,7.0
252,2017-2018,2017,special_ed,4,1.4,4.75
207,2017-2018,2017,early_ed,2,0.685,12.5
207,2017-2018,2017,special_ed,3,0.9033333333333334,4.0
118,2017-2018,2017,basic,4,2.555,9.75
118,2017-2018,2017,special_ed,4,3.0175,3.5
247,2017-2018,2017,basic,4,1.265,9.0
247,2017-2018,2017,special_ed,1,1.45,1.0
248,2017-2018,2017,basic,2,1.28,7.5
248,2017-2018,2017,special_ed,1,0.55,2.0
109,2017-2018,2017,basic,3,2.3333333333333335,12.0
109,2017-2018,2017,special_ed,3,1.47,3.0
110,2017-2018,2017,basic,4,2.4,4.0
110,2017-2018,2017,special_ed,6,1.865,5.833333333333333
255,2017-2018,2017,basic,2,1.13,7.0
255,2017-2018,2017,special_ed,2,2.1,4.0
22,2017-2018,2017,special_ed,3,7.723333333333334,2.6666666666666665
259,2017-2018,2017,basic,1,1.38,10.0
259,2017-2018,2017,special_ed,4,2.365,4.0
23,2017-2018,2017,special_ed,1,7.8,1.0
261,2017-2018,2017,basic,3,1.096666666666667,3.0
261,2017-2018,2017,early_ed,2,0.955,17.5
261,2017-2018,2017,special_ed,4,2.1199999999999997,6.5
262,2017-2018,2017,basic,3,1.3566666666666665,6.666666666666667
262,2017-2018,2017,special_ed,2,0.975,6.5
939,2017-2018,2017,basic,3,1.75,13.666666666666666
939,2017-2018,2017,special_ed,3,1.7666666666666666,4.0
930,2017-2018,2017,basic,8,3.03,11.75
930,2017-2018,2017,special_ed,4,2.955,6.75
974,2017-2018,2017,basic,4,1.96,15.75
974,2017-2018,2017,special_ed,1,3.47,1.0
21,2017-2018,2017,special_ed,6,2.1866666666666665,5.833333333333333
264,2017-2018,2017,basic,2,1.275,7.0
264,2017-2018,2017,special_ed,2,4.495,6.0
113,2017-2018,2017,basic,2,2.515,5.5
113,2017-2018,2017,gifted,3,2.85,4.666666666666667
113,2017-2018,2017,special_ed,2,1.455,7.5
17,2017-2018,2017,special_ed,5,2.162,4.2
267,2017-2018,2017,basic,2,1.38,5.5
267,2017-2018,2017,early_ed,3,1.2533333333333332,15.0
267,2017-2018,2017,special_ed,2,1.79,9.0
268,2017-2018,2017,basic,2,1.465,5.0
268,2017-2018,2017,special_ed,5,1.804,6.0
949,2017-2018,2017,basic,7,2.224285714285714,13.285714285714286
949,2017-2018,2017,special_ed,4,2.225,3.0
269,2017-2018,2017,basic,2,1.0450000000000002,4.5
269,2017-2018,2017,special_ed,3,2.556666666666666,4.0
273,2017-2018,2017,basic,1,0.98,4.0
273,2017-2018,2017,special_ed,3,1.9466666666666663,7.0
291,2017-2018,2017,basic,7,1.4128571428571428,9.571428571428571
291,2017-2018,2017,early_ed,2,1.715,3.0
291,2017-2018,2017,special_ed,2,1.49,8.5
272,2017-2018,2017,basic,1,1.11,9.0
272,2017-2018,2017,special_ed,3,1.97,6.0
977,2017-2018,2017,basic,3,1.7333333333333334,20.0
977,2017-2018,2017,special_ed,6,2.796666666666667,4.5
212,2017-2018,2017,basic,1,1.93,13.0
212,2017-2018,2017,early_ed,1,0.9499999999999998,3.0
212,2017-2018,2017,gifted,9,3.4244444444444446,13.0
212,2017-2018,2017,homeless,1,13.13,1.0
212,2017-2018,2017,special_ed,4,2.25,6.0
935,2017-2018,2017,basic,5,2.5660000000000003,12.2
935,2017-2018,2017,special_ed,6,5.461666666666667,3.1666666666666665
277,2017-2018,2017,basic,1,2.15,6.0
277,2017-2018,2017,gifted,2,1.855,8.0
277,2017-2018,2017,special_ed,4,2.27,7.25
276,2017-2018,2017,basic,4,1.0525,3.75
276,2017-2018,2017,special_ed,5,1.34,5.2
117,2017-2018,2017,basic,2,2.435,4.0
117,2017-2018,2017,gifted,7,3.5457142857142863,8.714285714285714
117,2017-2018,2017,special_ed,3,1.4333333333333331,4.333333333333333
279,2017-2018,2017,basic,1,1.09,6.0
279,2017-2018,2017,gifted,2,1.39,10.0
279,2017-2018,2017,special_ed,3,1.96,4.666666666666667
236,2017-2018,2017,basic,1,1.32,3.0
236,2017-2018,2017,early_ed,1,0.89,14.0
236,2017-2018,2017,special_ed,3,1.6233333333333333,7.0
19,2017-2018,2017,homeless,1,4.56,3.0
19,2017-2018,2017,special_ed,6,3.3966666666666665,3.8333333333333335
281,2017-2018,2017,basic,1,1.01,4.0
281,2017-2018,2017,special_ed,2,1.45,2.0
115,2017-2018,2017,basic,2,2.4650000000000003,4.0
115,2017-2018,2017,special_ed,3,1.7999999999999998,3.0
282,2017-2018,2017,gifted,3,1.37,7.333333333333333
282,2017-2018,2017,special_ed,2,1.515,3.0
286,2017-2018,2017,gifted,1,1.51,9.0
286,2017-2018,2017,special_ed,3,1.2933333333333334,8.333333333333334
201,2018-2019,2018,basic,1,0.84,8.0
201,2018-2019,2018,special_ed,3,2.54,6.666666666666667
130,2018-2019,2018,basic,8,2.25,7.0
130,2018-2019,2018,special_ed,5,1.814,8.4
202,2018-2019,2018,basic,2,1.465,8.0
202,2018-2019,2018,special_ed,1,4.98,3.0
203,2018-2019,2018,basic,2,1.485,9.5
203,2018-2019,2018,gifted,1,1.95,8.0
203,2018-2019,2018,special_ed,5,2.022,6.2
218,2018-2019,2018,basic,3,0.8366666666666666,9.0
218,2018-2019,2018,early_ed,2,2.4349999999999996,3.0
218,2018-2019,2018,special_ed,5,2.186,4.6
226,2018-2019,2018,basic,1,0.59,6.0
226,2018-2019,2018,special_ed,6,1.660909090909091,6.636363636363637
11,2018-2019,2018,basic,2,3.075,3.5
11,2018-2019,2018,special_ed,6,2.411666666666666,3.0
205,2018-2019,2018,special_ed,1,0.91,2.0
208,2018-2019,2018,basic,1,1.3,8.0
208,2018-2019,2018,early_ed,3,1.3733333333333333,12.0
208,2018-2019,2018,special_ed,5,1.25,7.8
209,2018-2019,2018,basic,2,1.01,5.5
209,2018-2019,2018,special_ed,1,0.44,6.0
971,2018-2019,2018,gifted,12,3.2575000000000003,13.416666666666666
289,2018-2019,2018,basic,2,1.145,6.5
210,2018-2019,2018,basic,1,1.5,21.0
18,2018-2019,2018,basic,3,3.3866666666666667,3.0
18,2018-2019,2018,special_ed,6,2.4183333333333334,8.166666666666666
12,2018-2019,2018,basic,3,2.4,5.0
12,2018-2019,2018,special_ed,4,2.6,4.5
215,2018-2019,2018,basic,1,1.78,8.0
215,2018-2019,2018,early_ed,1,0.98,10.0
215,2018-2019,2018,special_ed,1,1.01,9.0
204,2018-2019,2018,basic,2,0.7450000000000001,3.5
204,2018-2019,2018,special_ed,5,1.7879999999999998,3.8
251,2018-2019,2018,basic,1,1.17,3.0
251,2018-2019,2018,special_ed,3,1.6766666666666667,5.666666666666667
287,2018-2019,2018,gifted,3,1.6133333333333333,15.333333333333334
103,2018-2019,2018,basic,6,2.4783333333333335,3.1666666666666665
103,2018-2019,2018,special_ed,6,1.7145454545454546,9.272727272727273
219,2018-2019,2018,bilingual,1,1.15,9.0
219,2018-2019,2018,early_ed,6,1.105,8.333333333333334
219,2018-2019,2018,special_ed,1,0.94,8.0
104,2018-2019,2018,basic,3,2.1999999999999997,4.333333333333333
104,2018-2019,2018,special_ed,5,1.7579999999999998,4.8
221,2018-2019,2018,basic,2,0.895,4.5
221,2018-2019,2018,early_ed,2,1.275,12.5
221,2018-2019,2018,special_ed,4,1.9325,8.25
222,2018-2019,2018,early_ed,2,1.66,4.0
222,2018-2019,2018,gifted,5,1.946,14.2
222,2018-2019,2018,special_ed,1,1.4,4.0
13,2018-2019,2018,special_ed,5,1.7419999999999998,6.4
211,2018-2019,2018,basic,1,0.97,4.0
211,2018-2019,2018,special_ed,1,0.84,2.0
14,2018-2019,2018,basic,2,2.935,9.5
14,2018-2019,2018,gifted,6,6.638333333333333,10.166666666666666
14,2018-2019,2018,special_ed,4,2.11,3.75
225,2018-2019,2018,basic,1,1.01,4.0
225,2018-2019,2018,special_ed,2,1.73,7.5
270,2018-2019,2018,basic,2,1.28,6.0
270,2018-2019,2018,special_ed,2,1.485,8.0
220,2018-2019,2018,basic,1,1.15,13.0
220,2018-2019,2018,special_ed,3,1.2866666666666666,7.333333333333333
229,2018-2019,2018,basic,3,1.2266666666666668,14.0
229,2018-2019,2018,special_ed,7,2.6885714285714286,2.142857142857143
230,2018-2019,2018,basic,1,0.59,5.0
230,2018-2019,2018,early_ed,4,2.352,2.6
230,2018-2019,2018,special_ed,1,2.2,7.0
105,2018-2019,2018,basic,2,2.375,4.0
105,2018-2019,2018,gifted,4,3.0025,5.0
105,2018-2019,2018,special_ed,4,2.715,4.5
233,2018-2019,2018,basic,1,1.31,10.0
233,2018-2019,2018,bilingual,2,1.71,9.0
233,2018-2019,2018,special_ed,2,1.98,5.5
292,2018-2019,2018,basic,8,1.7675,10.75
292,2018-2019,2018,special_ed,3,1.9833333333333336,7.333333333333333
235,2018-2019,2018,special_ed,2,1.765,8.0
20,2018-2019,2018,basic,4,4.2875,4.5
20,2018-2019,2018,special_ed,10,4.335,3.3
106,2018-2019,2018,basic,2,1.94,3.5
106,2018-2019,2018,gifted,6,2.475,8.5
106,2018-2019,2018,special_ed,5,1.1422222222222222,6.555555555555555
234,2018-2019,2018,basic,3,1.086666666666667,10.666666666666666
234,2018-2019,2018,special_ed,4,2.3875,2.5
256,2018-2019,2018,special_ed,3,1.46,5.0
266,2018-2019,2018,basic,2,1.0099999999999998,8.5
266,2018-2019,2018,special_ed,3,1.91,5.333333333333333
241,2018-2019,2018,basic,2,1.24,14.5
972,2018-2019,2018,basic,7,2.468571428571429,11.714285714285714
972,2018-2019,2018,special_ed,5,2.2079999999999997,6.6
288,2018-2019,2018,basic,2,1.35,4.5
288,2018-2019,2018,special_ed,3,2.263333333333333,6.666666666666667
239,2018-2019,2018,basic,1,2.3,8.0
239,2018-2019,2018,gifted,1,1.34,10.0
239,2018-2019,2018,special_ed,3,2.1333333333333333,5.0
242,2018-2019,2018,basic,2,1.44,6.5
242,2018-2019,2018,special_ed,4,2.76,5.0
243,2018-2019,2018,basic,1,1.0,9.0
243,2018-2019,2018,gifted,1,1.38,9.0
243,2018-2019,2018,special_ed,1,0.96,4.0
244,2018-2019,2018,basic,1,1.45,3.0
244,2018-2019,2018,special_ed,3,1.2133333333333334,3.3333333333333335
955,2018-2019,2018,basic,3,2.313333333333333,8.0
955,2018-2019,2018,special_ed,3,2.8033333333333332,2.6666666666666665
245,2018-2019,2018,basic,5,1.434,11.0
245,2018-2019,2018,early_ed,1,7.37,2.0
245,2018-2019,2018,special_ed,10,2.76,5.0
246,2018-2019,2018,special_ed,1,11.71,1.0
246,2018-2019,2018,basic,1,1.33,7.0
246,2018-2019,2018,special_ed,4,2.38,5.5
107,2018-2019,2018,basic,1,2.61,8.0
107,2018-2019,2018,gifted,4,3.2325,6.75
107,2018-2019,2018,special_ed,3,2.063333333333333,4.333333333333333
249,2018-2019,2018,basic,1,1.04,5.0
249,2018-2019,2018,special_ed,2,1.815,5.5
252,2018-2019,2018,basic,3,1.2266666666666666,4.666666666666667
252,2018-2019,2018,special_ed,5,2.048,5.8
207,2018-2019,2018,early_ed,2,0.595,10.5
207,2018-2019,2018,special_ed,2,1.3250000000000002,8.0
118,2018-2019,2018,basic,4,2.52,9.5
118,2018-2019,2018,special_ed,5,2.9520000000000004,2.6
247,2018-2019,2018,basic,3,1.3233333333333333,10.0
248,2018-2019,2018,basic,2,1.31,6.5
248,2018-2019,2018,special_ed,1,0.57,3.0
109,2018-2019,2018,basic,3,2.32,10.333333333333334
109,2018-2019,2018,special_ed,3,1.4066666666666665,5.333333333333333
110,2018-2019,2018,basic,4,2.4,4.0
110,2018-2019,2018,special_ed,6,1.971666666666667,6.666666666666667
255,2018-2019,2018,basic,2,1.13,7.0
255,2018-2019,2018,special_ed,2,1.77,3.5
22,2018-2019,2018,special_ed,8,3.04125,4.125
259,2018-2019,2018,basic,1,1.3,8.0
259,2018-2019,2018,special_ed,4,2.75,4.5
261,2018-2019,2018,basic,3,1.0666666666666669,2.6666666666666665
261,2018-2019,2018,early_ed,2,1.035,14.5
261,2018-2019,2018,special_ed,4,1.7625,7.25
262,2018-2019,2018,basic,3,1.356666666666667,6.666666666666667
262,2018-2019,2018,special_ed,2,1.225,6.5
939,2018-2019,2018,basic,3,1.7866666666666668,13.666666666666666
939,2018-2019,2018,special_ed,3,1.6666666666666667,3.6666666666666665
930,2018-2019,2018,basic,8,3.0774999999999997,11.0
930,2018-2019,2018,special_ed,5,3.002,6.8
974,2018-2019,2018,basic,7,4.508571428571428,10.285714285714286
21,2018-2019,2018,special_ed,7,1.4114285714285717,6.857142857142857
264,2018-2019,2018,basic,2,1.28,7.5
264,2018-2019,2018,special_ed,1,1.25,5.0
275,2018-2019,2018,basic,4,1.0475,4.75
275,2018-2019,2018,special_ed,5,1.948,9.2
113,2018-2019,2018,basic,3,2.556666666666666,6.0
113,2018-2019,2018,gifted,3,2.926666666666667,5.0
113,2018-2019,2018,special_ed,4,2.26,7.0
17,2018-2019,2018,special_ed,6,2.161666666666666,4.0
267,2018-2019,2018,special_ed,2,4.215,2.5
267,2018-2019,2018,basic,2,1.33,5.5
267,2018-2019,2018,early_ed,3,1.3066666666666666,14.666666666666666
267,2018-2019,2018,special_ed,3,1.98,6.666666666666667
268,2018-2019,2018,basic,1,1.3,10.0
268,2018-2019,2018,special_ed,5,1.828,6.0
949,2018-2019,2018,basic,7,2.16,12.428571428571429
949,2018-2019,2018,special_ed,3,2.2066666666666666,3.6666666666666665
269,2018-2019,2018,basic,1,1.02,7.0
269,2018-2019,2018,special_ed,3,2.6733333333333333,5.0
273,2018-2019,2018,basic,1,1.35,4.0
273,2018-2019,2018,special_ed,2,1.85,9.0
291,2018-2019,2018,basic,6,1.305,11.666666666666666
291,2018-2019,2018,special_ed,3,1.6566666666666665,7.666666666666667
272,2018-2019,2018,basic,1,1.09,8.0
272,2018-2019,2018,special_ed,4,3.1525,3.5
977,2018-2019,2018,basic,3,1.7466666666666668,19.333333333333332
977,2018-2019,2018,special_ed,6,2.6033333333333335,5.833333333333333
212,2018-2019,2018,early_ed,1,1.71,2.0
212,2018-2019,2018,gifted,11,3.5599999999999996,11.0
212,2018-2019,2018,special_ed,4,2.575,4.75
935,2018-2019,2018,basic,6,2.7066666666666666,11.333333333333334
935,2018-2019,2018,special_ed,3,5.866666666666667,4.0
277,2018-2019,2018,basic,1,1.77,5.0
277,2018-2019,2018,gifted,2,2.095,7.0
277,2018-2019,2018,special_ed,4,2.0675,5.0
276,2018-2019,2018,basic,3,1.07,5.0
276,2018-2019,2018,special_ed,3,1.21,6.333333333333333
117,2018-2019,2018,gifted,9,3.3344444444444448,7.777777777777778
117,2018-2019,2018,special_ed,3,1.7,4.666666666666667
279,2018-2019,2018,basic,1,0.82,4.0
279,2018-2019,2018,gifted,2,1.47,9.0
279,2018-2019,2018,special_ed,2,1.41,4.0
236,2018-2019,2018,basic,1,1.43,2.0
236,2018-2019,2018,early_ed,3,2.126666666666667,3.6666666666666665
236,2018-2019,2018,special_ed,5,2.222,8.0
19,2018-2019,2018,special_ed,5,3.63,4.0
281,2018-2019,2018,basic,1,1.01,4.0
281,2018-2019,2018,special_ed,1,0.68,6.0
115,2018-2019,2018,basic,2,2.545,4.0
115,2018-2019,2018,special_ed,3,2.12,4.666666666666667
282,2018-2019,2018,basic,2,1.3,6.0
282,2018-2019,2018,special_ed,1,1.06,7.0
286,2018-2019,2018,basic,2,1.5,6.0
286,2018-2019,2018,special_ed,3,1.6,10.333333333333334
201,2019-2020,2019,basic,1,0.88,9.0
201,2019-2020,2019,special_ed,4,2.865,4.75
130,2019-2020,2019,basic,8,2.25125,4.375
130,2019-2020,2019,special_ed,6,1.715,7.833333333333333
202,2019-2020,2019,basic,2,1.42,9.0
202,2019-2020,2019,special_ed,1,2.46,4.0
203,2019-2020,2019,basic,2,1.515,8.5
203,2019-2020,2019,early_ed,1,3.65,6.0
203,2019-2020,2019,gifted,1,1.4799999999999998,7.0
203,2019-2020,2019,homeless,1,2.62,1.0
203,2019-2020,2019,special_ed,4,1.9975,7.75
218,2019-2020,2019,basic,3,0.8666666666666667,9.0
218,2019-2020,2019,early_ed,2,2.07,4.0
218,2019-2020,2019,special_ed,5,2.0540000000000003,2.4
226,2019-2020,2019,basic,1,0.6,8.0
226,2019-2020,2019,special_ed,6,1.6933333333333334,6.166666666666667
11,2019-2020,2019,basic,1,3.36,7.0
11,2019-2020,2019,special_ed,5,2.436,3.8
205,2019-2020,2019,special_ed,1,2.35,3.0
208,2019-2020,2019,basic,1,1.12,8.0
208,2019-2020,2019,early_ed,2,1.03,8.5
208,2019-2020,2019,special_ed,5,1.426,8.0
209,2019-2020,2019,basic,2,0.97,6.0
209,2019-2020,2019,special_ed,1,0.4000000000000001,2.0
971,2019-2020,2019,early_ed,1,1.63,6.0
971,2019-2020,2019,gifted,13,3.2969230769230764,13.923076923076923
289,2019-2020,2019,basic,1,1.07,12.0
210,2019-2020,2019,basic,2,1.74,14.0
18,2019-2020,2019,basic,3,3.3133333333333335,3.0
18,2019-2020,2019,special_ed,8,2.74625,7.125
12,2019-2020,2019,basic,4,2.4375,3.5
12,2019-2020,2019,special_ed,4,2.56,5.0
215,2019-2020,2019,basic,1,1.7299999999999998,7.0
215,2019-2020,2019,early_ed,1,1.08,10.0
215,2019-2020,2019,special_ed,1,1.01,6.0
204,2019-2020,2019,basic,5,1.454,5.2
204,2019-2020,2019,special_ed,5,2.574,4.0
251,2019-2020,2019,basic,1,1.22,2.0
251,2019-2020,2019,special_ed,3,1.7866666666666668,4.0
287,2019-2020,2019,gifted,3,1.66,13.666666666666666
103,2019-2020,2019,basic,6,2.5716666666666668,3.3333333333333335
103,2019-2020,2019,special_ed,5,2.12,8.6
219,2019-2020,2019,bilingual,1,1.5,7.0
219,2019-2020,2019,early_ed,5,1.296,8.2
219,2019-2020,2019,special_ed,1,1.01,5.0
104,2019-2020,2019,basic,3,2.183333333333333,4.333333333333333
104,2019-2020,2019,special_ed,6,1.91,4.333333333333333
221,2019-2020,2019,basic,2,0.87,3.0
221,2019-2020,2019,early_ed,3,1.3333333333333333,10.0
221,2019-2020,2019,special_ed,4,1.905,8.25
222,2019-2020,2019,basic,2,1.86,9.5
222,2019-2020,2019,early_ed,2,2.355,2.5
222,2019-2020,2019,gifted,3,2.023333333333333,11.666666666666666
222,2019-2020,2019,special_ed,1,0.93,4.0
13,2019-2020,2019,special_ed,5,1.874,6.2
211,2019-2020,2019,basic,1,1.08,3.0
211,2019-2020,2019,special_ed,1,0.86,2.0
14,2019-2020,2019,basic,2,7.555,10.5
14,2019-2020,2019,special_ed,3,1.68,3.3333333333333335
225,2019-2020,2019,basic,1,1.16,5.0
225,2019-2020,2019,special_ed,3,1.9366666666666663,5.0
270,2019-2020,2019,basic,2,1.25,5.0
270,2019-2020,2019,special_ed,2,1.745,6.0
220,2019-2020,2019,basic,1,1.18,4.0
220,2019-2020,2019,special_ed,3,1.23,8.0
229,2019-2020,2019,basic,3,1.1433333333333335,13.666666666666666
229,2019-2020,2019,special_ed,5,2.694,3.2
230,2019-2020,2019,basic,1,0.59,5.0
230,2019-2020,2019,early_ed,1,3.33,4.0
230,2019-2020,2019,special_ed,1,1.16,1.0
105,2019-2020,2019,basic,2,2.3699999999999997,3.5
105,2019-2020,2019,gifted,4,3.0875,4.5
105,2019-2020,2019,special_ed,3,1.9933333333333332,3.0
233,2019-2020,2019,basic,1,1.31,10.0
233,2019-2020,2019,bilingual,2,1.5,7.0
233,2019-2020,2019,special_ed,2,1.67,6.0
292,2019-2020,2019,basic,9,1.9166666666666667,8.777777777777779
292,2019-2020,2019,special_ed,4,3.39,5.75
235,2019-2020,2019,special_ed,2,1.585,5.5
20,2019-2020,2019,basic,4,4.69,4.25
20,2019-2020,2019,special_ed,11,4.085454545454545,4.2727272727272725
106,2019-2020,2019,basic,5,2.14,3.8
106,2019-2020,2019,gifted,4,2.65,9.25
106,2019-2020,2019,special_ed,5,1.4200000000000002,7.0
234,2019-2020,2019,basic,3,0.9833333333333336,12.0
234,2019-2020,2019,special_ed,4,3.4525,3.0
256,2019-2020,2019,special_ed,3,1.7233333333333334,3.0
266,2019-2020,2019,basic,2,0.94,7.5
266,2019-2020,2019,special_ed,4,1.405,4.0
241,2019-2020,2019,basic,2,1.3299999999999998,14.5
972,2019-2020,2019,basic,7,2.472857142857143,12.285714285714286
972,2019-2020,2019,special_ed,4,2.375,9.0
288,2019-2020,2019,basic,2,1.2,3.5
288,2019-2020,2019,special_ed,3,1.9066666666666667,7.0
239,2019-2020,2019,basic,2,1.68,9.0
239,2019-2020,2019,special_ed,3,1.7333333333333334,6.333333333333333
242,2019-2020,2019,basic,2,1.415,5.5
242,2019-2020,2019,special_ed,4,3.4675,5.0
243,2019-2020,2019,basic,2,1.1700000000000002,8.0
243,2019-2020,2019,special_ed,1,0.99,3.0
244,2019-2020,2019,basic,1,3.72,4.0
244,2019-2020,2019,special_ed,2,1.635,6.5
955,2019-2020,2019,basic,3,2.0999999999999996,8.666666666666666
955,2019-2020,2019,gifted,1,2.4,1.0
955,2019-2020,2019,special_ed,2,1.75,2.5
15,2019-2020,2019,basic,2,2.345,4.0
15,2019-2020,2019,special_ed,2,4.34,1.0
245,2019-2020,2019,basic,5,1.384,11.2
245,2019-2020,2019,special_ed,8,2.6024999999999996,5.875
246,2019-2020,2019,basic,1,1.3,7.0
246,2019-2020,2019,special_ed,4,2.41,5.5
107,2019-2020,2019,basic,3,2.4066666666666667,6.0
107,2019-2020,2019,gifted,2,3.82,6.5
107,2019-2020,2019,special_ed,2,2.5050000000000003,7.0
249,2019-2020,2019,basic,1,1.04,5.0
249,2019-2020,2019,special_ed,2,1.89,5.0
250,2019-2020,2019,basic,1,1.09,4.0
250,2019-2020,2019,special_ed,1,1.42,3.0
252,2019-2020,2019,basic,2,1.18,6.5
252,2019-2020,2019,special_ed,5,1.808,6.6
207,2019-2020,2019,early_ed,2,0.5850000000000001,10.0
207,2019-2020,2019,special_ed,3,1.6933333333333334,4.666666666666667
118,2019-2020,2019,basic,4,2.5525,9.0
118,2019-2020,2019,special_ed,3,2.693333333333334,3.6666666666666665
247,2019-2020,2019,basic,3,1.29,10.0
248,2019-2020,2019,basic,2,1.3099999999999998,5.5
109,2019-2020,2019,basic,3,2.36,7.666666666666667
109,2019-2020,2019,special_ed,4,1.985,5.75
110,2019-2020,2019,basic,4,2.44,3.75
110,2019-2020,2019,special_ed,6,2.1333333333333333,7.0
255,2019-2020,2019,basic,2,1.14,6.5
255,2019-2020,2019,special_ed,2,2.26,5.0
22,2019-2020,2019,special_ed,7,2.8442857142857143,4.571428571428571
259,2019-2020,2019,basic,1,1.27,9.0
259,2019-2020,2019,special_ed,5,2.29,6.4
261,2019-2020,2019,basic,2,1.055,3.5
261,2019-2020,2019,early_ed,2,1.06,16.5
261,2019-2020,2019,special_ed,4,1.54,9.25
262,2019-2020,2019,basic,3,1.403333333333333,6.333333333333333
262,2019-2020,2019,special_ed,2,1.3500000000000003,9.0
939,2019-2020,2019,basic,3,1.7933333333333334,12.333333333333334
939,2019-2020,2019,special_ed,4,2.1225,3.25
930,2019-2020,2019,basic,8,2.87875,12.0
930,2019-2020,2019,special_ed,6,3.1,5.166666666666667
974,2019-2020,2019,basic,4,1.74,13.25
21,2019-2020,2019,special_ed,9,2.26,4.555555555555555
264,2019-2020,2019,basic,2,1.225,5.5
264,2019-2020,2019,special_ed,1,1.72,6.0
275,2019-2020,2019,basic,4,1.0225,3.0
275,2019-2020,2019,special_ed,5,1.996,9.0
113,2019-2020,2019,basic,3,2.566666666666667,5.333333333333333
113,2019-2020,2019,gifted,2,3.0750000000000006,4.0
113,2019-2020,2019,special_ed,5,2.162,5.6
17,2019-2020,2019,special_ed,6,2.201666666666666,5.0
267,2019-2020,2019,special_ed,1,1.53,6.0
267,2019-2020,2019,basic,2,1.36,5.0
267,2019-2020,2019,early_ed,3,1.2866666666666666,13.333333333333334
267,2019-2020,2019,special_ed,3,1.6733333333333331,6.0
268,2019-2020,2019,basic,1,1.3,8.0
268,2019-2020,2019,special_ed,4,1.825,7.0
949,2019-2020,2019,basic,7,2.1871428571428573,11.714285714285714
949,2019-2020,2019,special_ed,4,2.67,3.75
269,2019-2020,2019,basic,1,1.28,8.0
269,2019-2020,2019,special_ed,3,1.4,5.666666666666667
273,2019-2020,2019,basic,1,0.88,3.0
273,2019-2020,2019,special_ed,3,1.8433333333333333,6.0
291,2019-2020,2019,basic,6,1.3433333333333333,9.0
291,2019-2020,2019,special_ed,3,2.056666666666666,7.666666666666667
272,2019-2020,2019,basic,1,1.1,8.0
272,2019-2020,2019,special_ed,3,1.9566666666666663,6.666666666666667
24,2019-2020,2019,special_ed,1,6.72,1.0
977,2019-2020,2019,basic,4,1.655,14.0
977,2019-2020,2019,special_ed,5,2.262,5.2
212,2019-2020,2019,early_ed,1,1.45,3.0
212,2019-2020,2019,gifted,12,3.825833333333333,9.666666666666666
212,2019-2020,2019,homeless,1,10.37,1.0
212,2019-2020,2019,special_ed,3,2.6033333333333335,6.666666666666667
935,2019-2020,2019,basic,6,2.6833333333333336,10.833333333333334
935,2019-2020,2019,special_ed,3,5.680000000000001,3.3333333333333335
277,2019-2020,2019,basic,3,1.77,5.666666666666667
277,2019-2020,2019,special_ed,3,2.2266666666666666,7.666666666666667
276,2019-2020,2019,basic,3,1.0766666666666669,5.0
276,2019-2020,2019,special_ed,3,1.8166666666666669,7.333333333333333
117,2019-2020,2019,basic,3,2.6566666666666667,6.333333333333333
117,2019-2020,2019,gifted,6,3.691666666666667,10.666666666666666
117,2019-2020,2019,special_ed,3,1.6666666666666667,4.333333333333333
279,2019-2020,2019,basic,1,0.8000000000000002,5.0
279,2019-2020,2019,gifted,2,1.265,6.0
279,2019-2020,2019,special_ed,2,2.08,3.5
236,2019-2020,2019,basic,1,1.55,1.0
236,2019-2020,2019,early_ed,3,1.0066666666666668,7.0
236,2019-2020,2019,special_ed,3,2.0633333333333335,8.0
19,2019-2020,2019,special_ed,5,3.082,4.2
281,2019-2020,2019,basic,1,1.01,4.0
281,2019-2020,2019,special_ed,1,1.25,6.0
115,2019-2020,2019,basic,2,2.61,4.0
115,2019-2020,2019,special_ed,4,2.365,5.5
282,2019-2020,2019,basic,1,1.08,3.0
282,2019-2020,2019,gifted,1,1.0,4.0
282,2019-2020,2019,special_ed,1,1.27,5.0
286,2019-2020,2019,basic,1,1.3,9.0
286,2019-2020,2019,gifted,1,1.6900000000000002,5.0
286,2019-2020,2019,special_ed,4,1.6224999999999998,7.0
201,2020-2021,2020,special_ed,1,3.87,4.0
130,2020-2021,2020,special_ed,2,1.485,2.0
203,2020-2021,2020,special_ed,2,2.73,6.0
218,2020-2021,2020,early_ed,1,5.11,3.0
226,2020-2021,2020,special_ed,2,0.93,5.5
11,2020-2021,2020,special_ed,2,1.86,3.0
208,2020-2021,2020,early_ed,2,1.29,3.0
208,2020-2021,2020,special_ed,3,0.59,4.25
971,2020-2021,2020,early_ed,2,1.735,4.0
18,2020-2021,2020,special_ed,4,3.0225,4.0
12,2020-2021,2020,basic,1,2.79,1.0
215,2020-2021,2020,early_ed,1,0.79,6.0
215,2020-2021,2020,homeless,1,5.14,1.0
215,2020-2021,2020,special_ed,1,0.88,5.0
204,2020-2021,2020,special_ed,2,2.25,6.5
251,2020-2021,2020,special_ed,1,3.24,2.0
103,2020-2021,2020,special_ed,5,2.16,4.0
219,2020-2021,2020,early_ed,3,1.35,6.666666666666667
104,2020-2021,2020,special_ed,1,1.27,3.0
221,2020-2021,2020,early_ed,2,1.92,5.0
221,2020-2021,2020,special_ed,1,1.6,5.0
222,2020-2021,2020,special_ed,2,2.125,5.5
13,2020-2021,2020,special_ed,1,1.96,5.0
14,2020-2021,2020,special_ed,1,2.08,5.0
225,2020-2021,2020,special_ed,2,1.99,4.0
220,2020-2021,2020,special_ed,3,1.7333333333333334,5.0
229,2020-2021,2020,special_ed,4,2.785,1.25
230,2020-2021,2020,early_ed,1,1.56,5.0
105,2020-2021,2020,special_ed,1,2.8,1.0
233,2020-2021,2020,special_ed,1,3.17,3.0
292,2020-2021,2020,special_ed,4,2.1725,4.75
235,2020-2021,2020,special_ed,1,1.66,6.0
20,2020-2021,2020,special_ed,7,6.21875,2.25
106,2020-2021,2020,special_ed,1,2.07,1.0
234,2020-2021,2020,special_ed,1,1.8,7.0
256,2020-2021,2020,early_ed,1,1.16,3.0
972,2020-2021,2020,special_ed,1,2.08,5.0
288,2020-2021,2020,special_ed,1,2.2,8.0
239,2020-2021,2020,early_ed,1,2.2,5.0
239,2020-2021,2020,special_ed,2,1.76,3.5
242,2020-2021,2020,special_ed,3,2.8833333333333333,3.0
244,2020-2021,2020,special_ed,1,1.24,5.0
955,2020-2021,2020,early_ed,1,2.34,2.0
245,2020-2021,2020,homeless,3,1.35,3.0
245,2020-2021,2020,special_ed,5,3.006,4.6
246,2020-2021,2020,special_ed,2,2.7350000000000003,3.5
107,2020-2021,2020,special_ed,2,1.95,5.5
249,2020-2021,2020,special_ed,1,3.29,5.0
252,2020-2021,2020,special_ed,1,2.14,5.0
207,2020-2021,2020,early_ed,3,1.54,4.0
207,2020-2021,2020,special_ed,1,1.97,9.0
118,2020-2021,2020,basic,1,13.29,1.0
118,2020-2021,2020,special_ed,2,4.215,3.0
109,2020-2021,2020,special_ed,2,3.33,5.0
110,2020-2021,2020,special_ed,3,2.24,2.6666666666666665
22,2020-2021,2020,special_ed,4,2.465,1.0
259,2020-2021,2020,early_ed,1,0.91,1.0
259,2020-2021,2020,special_ed,4,2.9375,4.0
23,2020-2021,2020,special_ed,1,7.33,2.0
261,2020-2021,2020,early_ed,2,1.11,6.0
261,2020-2021,2020,special_ed,4,5.165,4.0
262,2020-2021,2020,special_ed,2,1.705,6.0
939,2020-2021,2020,special_ed,2,1.765,3.0
930,2020-2021,2020,special_ed,3,5.276666666666666,1.6666666666666667
21,2020-2021,2020,special_ed,3,4.696,1.8
264,2020-2021,2020,special_ed,1,3.27,2.0
275,2020-2021,2020,special_ed,1,1.23,5.0
113,2020-2021,2020,special_ed,3,2.8766666666666665,5.666666666666667
17,2020-2021,2020,special_ed,2,1.4249999999999998,3.5
267,2020-2021,2020,special_ed,1,16.13,1.0
267,2020-2021,2020,early_ed,1,1.28,5.0
267,2020-2021,2020,special_ed,3,1.995,3.0
268,2020-2021,2020,early_ed,2,1.685,3.5
268,2020-2021,2020,special_ed,2,1.555,6.0
949,2020-2021,2020,special_ed,1,0.73,1.0
269,2020-2021,2020,early_ed,1,2.09,2.0
273,2020-2021,2020,special_ed,2,3.135,2.0
291,2020-2021,2020,special_ed,2,1.905,5.0
272,2020-2021,2020,special_ed,1,3.12,4.0
977,2020-2021,2020,special_ed,2,2.4450000000000003,5.0
212,2020-2021,2020,special_ed,4,1.67,4.25
935,2020-2021,2020,special_ed,2,3.425,2.0
277,2020-2021,2020,special_ed,1,1.61,4.0
276,2020-2021,2020,special_ed,1,1.23,7.0
117,2020-2021,2020,special_ed,1,2.18,4.0
279,2020-2021,2020,special_ed,1,1.88,1.0
236,2020-2021,2020,special_ed,3,2.3333333333333335,6.333333333333333
19,2020-2021,2020,special_ed,1,1.89,1.0
281,2020-2021,2020,basic,5,2.8259999999999996,3.8
115,2020-2021,2020,special_ed,1,3.76,2.0
286,2020-2021,2020,special_ed,1,1.29,4.0
201,2021-2022,2021,basic,1,0.81,7.0
201,2021-2022,2021,special_ed,4,3.5700000000000003,2.75
130,2021-2022,2021,basic,7,2.34,5.0
130,2021-2022,2021,special_ed,6,1.9116666666666668,6.166666666666667
202,2021-2022,2021,basic,2,1.6450000000000002,6.0
203,2021-2022,2021,basic,2,1.4500000000000002,4.0
203,2021-2022,2021,gifted,1,1.59,6.0
203,2021-2022,2021,special_ed,4,2.22,5.75
218,2021-2022,2021,basic,3,0.8966666666666667,7.666666666666667
218,2021-2022,2021,early_ed,2,3.11,3.5
218,2021-2022,2021,special_ed,3,3.553333333333333,2.6666666666666665
226,2021-2022,2021,basic,1,0.45,5.0
226,2021-2022,2021,special_ed,5,1.358,5.8
11,2021-2022,2021,basic,1,2.99,4.0
11,2021-2022,2021,special_ed,5,1.986,4.6
208,2021-2022,2021,basic,1,1.14,7.0
208,2021-2022,2021,early_ed,2,0.6549999999999999,6.5
208,2021-2022,2021,special_ed,4,1.215,7.5
209,2021-2022,2021,basic,2,0.985,5.5
209,2021-2022,2021,special_ed,1,0.86,4.0
971,2021-2022,2021,early_ed,1,1.66,11.0
971,2021-2022,2021,gifted,12,3.4825,16.25
289,2021-2022,2021,basic,1,1.03,7.0
210,2021-2022,2021,basic,2,1.76,16.0
18,2021-2022,2021,basic,4,3.1750000000000003,2.5
18,2021-2022,2021,special_ed,10,2.598,7.5
12,2021-2022,2021,basic,3,2.4333333333333336,5.333333333333333
12,2021-2022,2021,special_ed,5,3.116,3.2
215,2021-2022,2021,basic,1,1.94,9.0
215,2021-2022,2021,early_ed,1,1.09,8.0
215,2021-2022,2021,special_ed,1,1.05,7.0
204,2021-2022,2021,basic,2,0.695,3.0
204,2021-2022,2021,special_ed,3,1.606666666666667,4.333333333333333
251,2021-2022,2021,basic,1,1.18,2.0
251,2021-2022,2021,special_ed,2,1.71,3.0
287,2021-2022,2021,gifted,3,1.6266666666666667,17.666666666666668
103,2021-2022,2021,basic,6,2.223333333333333,3.8333333333333335
103,2021-2022,2021,special_ed,7,1.76,8.142857142857142
219,2021-2022,2021,early_ed,2,0.8450000000000001,7.0
219,2021-2022,2021,special_ed,2,1.6049999999999998,4.5
104,2021-2022,2021,basic,3,2.3,4.0
104,2021-2022,2021,special_ed,5,1.708,4.6
221,2021-2022,2021,basic,2,0.935,3.5
221,2021-2022,2021,early_ed,1,1.29,4.0
221,2021-2022,2021,special_ed,4,1.6875,6.25
222,2021-2022,2021,basic,2,1.745,8.5
222,2021-2022,2021,early_ed,1,2.06,5.0
222,2021-2022,2021,gifted,3,2.27,9.666666666666666
222,2021-2022,2021,special_ed,1,1.3999999999999997,5.0
13,2021-2022,2021,special_ed,5,1.966,7.0
211,2021-2022,2021,basic,1,1.2,2.0
211,2021-2022,2021,special_ed,1,1.07,2.0
14,2021-2022,2021,special_ed,3,1.5933333333333333,3.6666666666666665
225,2021-2022,2021,basic,1,1.16,2.0
225,2021-2022,2021,special_ed,2,1.43,4.0
270,2021-2022,2021,basic,1,1.21,6.0
270,2021-2022,2021,special_ed,3,1.5333333333333332,5.0
220,2021-2022,2021,basic,1,1.12,3.0
220,2021-2022,2021,special_ed,3,1.2566666666666668,7.333333333333333
229,2021-2022,2021,basic,3,1.2633333333333334,13.0
229,2021-2022,2021,early_ed,1,4.11,1.0
229,2021-2022,2021,special_ed,2,3.4450000000000003,3.5
230,2021-2022,2021,basic,1,0.65,8.0
230,2021-2022,2021,special_ed,2,2.49,2.5
105,2021-2022,2021,basic,2,2.435,3.5
105,2021-2022,2021,gifted,4,3.1475000000000004,7.75
105,2021-2022,2021,special_ed,3,1.81,3.3333333333333335
233,2021-2022,2021,basic,3,1.1266666666666667,11.0
233,2021-2022,2021,special_ed,1,2.05,6.0
292,2021-2022,2021,basic,7,1.9385714285714288,13.571428571428571
292,2021-2022,2021,special_ed,4,1.7075000000000002,4.75
235,2021-2022,2021,basic,1,1.27,2.0
235,2021-2022,2021,special_ed,2,1.3,5.5
20,2021-2022,2021,basic,4,4.2749999999999995,4.5
20,2021-2022,2021,special_ed,7,3.087142857142857,5.857142857142857
106,2021-2022,2021,basic,5,1.748,8.8
106,2021-2022,2021,gifted,4,2.9375,14.75
106,2021-2022,2021,special_ed,5,1.442,6.6
234,2021-2022,2021,basic,3,1.17,11.0
234,2021-2022,2021,special_ed,4,1.575,4.5
256,2021-2022,2021,early_ed,1,1.08,8.0
256,2021-2022,2021,special_ed,2,1.57,5.5
266,2021-2022,2021,basic,2,1.135,7.0
266,2021-2022,2021,special_ed,2,1.72,6.0
241,2021-2022,2021,basic,2,1.3,14.0
972,2021-2022,2021,basic,7,2.602857142857143,11.571428571428571
972,2021-2022,2021,special_ed,5,2.028,8.2
288,2021-2022,2021,basic,6,2.661666666666666,5.833333333333333
288,2021-2022,2021,special_ed,3,2.4166666666666665,9.0
239,2021-2022,2021,basic,2,1.7899999999999998,9.5
239,2021-2022,2021,special_ed,3,2.3499999999999996,5.666666666666667
242,2021-2022,2021,basic,2,1.62,3.5
242,2021-2022,2021,special_ed,4,3.4175,3.5
243,2021-2022,2021,basic,2,1.195,10.0
244,2021-2022,2021,basic,1,1.09,3.0
244,2021-2022,2021,special_ed,2,1.7700000000000002,8.5
955,2021-2022,2021,basic,3,4.023333333333333,10.0
955,2021-2022,2021,special_ed,1,2.31,7.0
15,2021-2022,2021,basic,2,2.285,5.5
15,2021-2022,2021,special_ed,2,1.635,6.0
245,2021-2022,2021,basic,5,1.368,12.8
245,2021-2022,2021,special_ed,7,3.1300000000000003,5.142857142857143
246,2021-2022,2021,basic,1,1.31,6.0
246,2021-2022,2021,special_ed,4,2.5375,5.25
107,2021-2022,2021,basic,2,2.645,8.5
107,2021-2022,2021,gifted,3,3.3966666666666665,12.666666666666666
107,2021-2022,2021,special_ed,3,2.5533333333333332,7.666666666666667
249,2021-2022,2021,basic,1,0.97,8.0
249,2021-2022,2021,special_ed,1,1.86,3.0
250,2021-2022,2021,basic,1,1.15,3.0
250,2021-2022,2021,special_ed,1,1.41,4.0
252,2021-2022,2021,basic,2,1.15,4.5
252,2021-2022,2021,special_ed,5,1.676,5.8
207,2021-2022,2021,early_ed,1,1.12,8.0
207,2021-2022,2021,special_ed,2,1.1849999999999998,9.0
118,2021-2022,2021,basic,4,2.54,11.75
118,2021-2022,2021,special_ed,4,2.09,4.75
247,2021-2022,2021,basic,3,1.49,10.666666666666666
248,2021-2022,2021,basic,2,1.32,10.5
109,2021-2022,2021,basic,3,2.4466666666666668,6.666666666666667
109,2021-2022,2021,special_ed,5,1.79,5.8
110,2021-2022,2021,basic,4,2.4675,3.5
110,2021-2022,2021,special_ed,6,1.7049999999999998,7.333333333333333
255,2021-2022,2021,basic,2,1.305,7.0
255,2021-2022,2021,special_ed,2,2.645,3.0
22,2021-2022,2021,special_ed,7,2.1785714285714284,3.857142857142857
259,2021-2022,2021,basic,1,1.39,7.0
259,2021-2022,2021,special_ed,4,2.3225,6.0
23,2021-2022,2021,special_ed,1,5.69,3.0
261,2021-2022,2021,basic,2,1.1900000000000002,4.0
261,2021-2022,2021,early_ed,2,1.39,9.5
261,2021-2022,2021,special_ed,4,1.675,6.0
262,2021-2022,2021,basic,2,1.27,11.0
262,2021-2022,2021,special_ed,2,1.465,7.0
939,2021-2022,2021,basic,2,1.7749999999999997,16.5
939,2021-2022,2021,special_ed,4,3.1999999999999997,2.75
930,2021-2022,2021,basic,7,2.8457142857142856,12.0
930,2021-2022,2021,special_ed,4,3.4499999999999997,5.25
974,2021-2022,2021,basic,3,1.2933333333333334,9.666666666666666
21,2021-2022,2021,special_ed,8,2.88875,3.875
264,2021-2022,2021,basic,2,1.405,6.5
264,2021-2022,2021,special_ed,1,2.56,6.0
275,2021-2022,2021,basic,3,1.2000000000000002,6.0
275,2021-2022,2021,special_ed,5,1.4980000000000002,5.6
113,2021-2022,2021,basic,4,2.8575,8.5
113,2021-2022,2021,gifted,1,3.01,11.0
113,2021-2022,2021,special_ed,4,2.0575,4.75
17,2021-2022,2021,special_ed,6,1.8866666666666667,4.833333333333333
267,2021-2022,2021,special_ed,1,1.3500000000000003,2.0
267,2021-2022,2021,basic,2,1.385,6.0
267,2021-2022,2021,early_ed,3,1.35,9.666666666666666
267,2021-2022,2021,special_ed,3,1.7133333333333334,6.333333333333333
268,2021-2022,2021,basic,1,1.37,14.0
268,2021-2022,2021,special_ed,4,1.5575,5.5
949,2021-2022,2021,basic,7,2.0771428571428574,10.428571428571429
949,2021-2022,2021,special_ed,4,2.7475,3.75
269,2021-2022,2021,basic,1,1.29,9.0
269,2021-2022,2021,early_ed,1,2.2,2.0
269,2021-2022,2021,special_ed,2,1.585,6.0
273,2021-2022,2021,special_ed,2,2.36,6.5
291,2021-2022,2021,basic,5,1.4660000000000002,12.8
291,2021-2022,2021,special_ed,3,1.7866666666666664,6.0
272,2021-2022,2021,basic,1,1.1,8.0
272,2021-2022,2021,special_ed,2,2.685,5.0
24,2021-2022,2021,special_ed,2,7.755,3.0
977,2021-2022,2021,basic,4,1.7175,15.75
977,2021-2022,2021,special_ed,4,2.0525,4.5
212,2021-2022,2021,gifted,11,4.0627272727272725,9.727272727272727
212,2021-2022,2021,special_ed,4,1.9225,5.75
935,2021-2022,2021,basic,6,2.658333333333333,14.333333333333334
935,2021-2022,2021,special_ed,3,7.953333333333333,5.0
277,2021-2022,2021,basic,2,1.7299999999999998,6.5
277,2021-2022,2021,special_ed,3,2.1199999999999997,5.666666666666667
276,2021-2022,2021,basic,5,3.064,7.4
276,2021-2022,2021,special_ed,2,2.9749999999999996,4.0
117,2021-2022,2021,basic,2,2.155,3.5
117,2021-2022,2021,gifted,6,3.8633333333333337,8.0
117,2021-2022,2021,special_ed,3,1.6566666666666667,9.0
279,2021-2022,2021,basic,3,0.9233333333333332,6.0
279,2021-2022,2021,special_ed,1,1.88,1.0
236,2021-2022,2021,basic,5,2.734,2.0
236,2021-2022,2021,early_ed,2,3.3200000000000003,6.5
236,2021-2022,2021,special_ed,3,4.29,8.666666666666666
19,2021-2022,2021,special_ed,4,2.3425,5.25
281,2021-2022,2021,basic,1,0.9499999999999998,3.0
281,2021-2022,2021,special_ed,1,2.04,2.0
115,2021-2022,2021,basic,2,2.505,4.5
115,2021-2022,2021,special_ed,4,1.97,5.0
282,2021-2022,2021,basic,2,1.165,2.5
282,2021-2022,2021,special_ed,1,0.75,3.0
286,2021-2022,2021,early_ed,1,1.88,3.0
286,2021-2022,2021,gifted,1,0.98,5.0
286,2021-2022,2021,special_ed,4,1.6900000000000002,5.75
201,2022-2023,2022,basic,1,0.89,6.0
201,2022-2023,2022,special_ed,2,3.1125000000000003,4.25
130,2022-2023,2022,basic,7,2.208095238095238,4.904761904761905
130,2022-2023,2022,special_ed,6,1.6805555555555556,8.0
202,2022-2023,2022,basic,2,1.5750000000000002,5.5
203,2022-2023,2022,basic,2,1.5016666666666667,4.833333333333333
203,2022-2023,2022,gifted,1,1.4333333333333331,4.333333333333333
203,2022-2023,2022,special_ed,5,2.363076923076923,5.615384615384615
218,2022-2023,2022,basic,3,0.8833333333333333,8.0
218,2022-2023,2022,special_ed,4,2.8674999999999997,2.5833333333333335
226,2022-2023,2022,basic,1,0.52,5.333333333333333
226,2022-2023,2022,special_ed,4,1.1366666666666667,6.5
11,2022-2023,2022,basic,1,2.99,4.0
11,2022-2023,2022,special_ed,5,2.074666666666667,4.533333333333333
205,2022-2023,2022,special_ed,1,0.3666666666666667,1.6666666666666667
208,2022-2023,2022,basic,2,1.1866666666666663,7.666666666666667
208,2022-2023,2022,early_ed,2,1.09,4.5
208,2022-2023,2022,special_ed,4,1.2758333333333332,6.833333333333333
209,2022-2023,2022,basic,2,0.985,5.5
209,2022-2023,2022,special_ed,1,0.66,2.0
971,2022-2023,2022,early_ed,2,2.51,5.166666666666667
971,2022-2023,2022,gifted,11,3.3296969696969696,17.515151515151516
971,2022-2023,2022,special_ed,1,1.93,2.0
289,2022-2023,2022,basic,1,1.06,6.0
210,2022-2023,2022,basic,2,1.595,14.166666666666666
18,2022-2023,2022,basic,4,3.2275000000000005,2.25
18,2022-2023,2022,special_ed,8,2.432272727272727,8.227272727272727
12,2022-2023,2022,basic,3,2.44,5.333333333333333
12,2022-2023,2022,special_ed,5,3.4669230769230768,3.6153846153846154
215,2022-2023,2022,basic,1,1.5599999999999998,6.333333333333333
215,2022-2023,2022,early_ed,1,1.1466666666666665,5.333333333333333
215,2022-2023,2022,special_ed,1,2.31,6.0
204,2022-2023,2022,basic,1,0.7066666666666667,8.666666666666666
204,2022-2023,2022,special_ed,4,2.73125,5.375
251,2022-2023,2022,basic,1,1.18,2.0
251,2022-2023,2022,special_ed,1,3.22,3.0
287,2022-2023,2022,gifted,3,1.6144444444444446,14.88888888888889
287,2022-2023,2022,special_ed,1,1.59,1.0
103,2022-2023,2022,basic,6,2.2305555555555556,3.888888888888889
103,2022-2023,2022,special_ed,7,1.674761904761905,7.190476190476191
219,2022-2023,2022,early_ed,3,1.4277777777777778,5.777777777777778
219,2022-2023,2022,special_ed,2,1.51,4.666666666666667
104,2022-2023,2022,basic,3,2.31,4.333333333333333
104,2022-2023,2022,special_ed,5,1.8118181818181816,4.363636363636363
221,2022-2023,2022,basic,2,0.94,3.1666666666666665
221,2022-2023,2022,early_ed,1,1.47,11.0
221,2022-2023,2022,special_ed,4,1.265,5.4
222,2022-2023,2022,basic,1,1.5200000000000002,9.0
222,2022-2023,2022,early_ed,2,2.0966666666666667,5.833333333333333
222,2022-2023,2022,gifted,4,2.299166666666667,8.583333333333334
222,2022-2023,2022,special_ed,2,2.251666666666667,2.8333333333333335
13,2022-2023,2022,special_ed,5,1.9253333333333336,8.2
211,2022-2023,2022,basic,1,1.2,2.0
211,2022-2023,2022,special_ed,1,0.8233333333333333,6.666666666666667
14,2022-2023,2022,special_ed,4,1.35625,4.625
225,2022-2023,2022,basic,1,1.16,2.0
225,2022-2023,2022,special_ed,2,2.9875000000000003,3.5
270,2022-2023,2022,basic,1,1.2533333333333332,7.666666666666667
270,2022-2023,2022,special_ed,2,2.1725,7.75
220,2022-2023,2022,basic,1,1.11,3.0
220,2022-2023,2022,special_ed,3,1.0977777777777775,8.666666666666666
229,2022-2023,2022,basic,3,1.2333333333333334,11.11111111111111
229,2022-2023,2022,special_ed,3,2.6133333333333333,4.222222222222222
230,2022-2023,2022,basic,1,0.67,7.0
230,2022-2023,2022,early_ed,2,2.0875,3.5
230,2022-2023,2022,special_ed,1,1.5666666666666669,3.0
105,2022-2023,2022,basic,2,2.41,3.0
105,2022-2023,2022,gifted,4,3.1374999999999997,7.25
105,2022-2023,2022,special_ed,2,2.0675,3.75
233,2022-2023,2022,basic,3,1.1444444444444446,10.444444444444445
233,2022-2023,2022,special_ed,1,1.97,3.3333333333333335
292,2022-2023,2022,basic,7,1.9385714285714288,13.619047619047619
292,2022-2023,2022,special_ed,5,2.608461538461538,4.538461538461538
235,2022-2023,2022,basic,1,1.18,7.333333333333333
235,2022-2023,2022,special_ed,1,1.5166666666666666,6.666666666666667
20,2022-2023,2022,basic,3,4.446666666666666,3.3333333333333335
20,2022-2023,2022,special_ed,10,4.0675,4.392857142857143
106,2022-2023,2022,basic,5,1.748,8.4
106,2022-2023,2022,gifted,4,2.86,14.166666666666666
106,2022-2023,2022,special_ed,5,1.333846153846154,7.384615384615385
234,2022-2023,2022,basic,3,1.1255555555555556,10.11111111111111
234,2022-2023,2022,special_ed,4,1.4125,5.125
256,2022-2023,2022,early_ed,1,0.6933333333333334,6.333333333333333
256,2022-2023,2022,special_ed,1,1.2333333333333334,4.333333333333333
266,2022-2023,2022,basic,2,1.1,10.5
266,2022-2023,2022,special_ed,2,1.7066666666666668,8.166666666666666
241,2022-2023,2022,basic,2,1.22,13.5
972,2022-2023,2022,basic,7,2.506666666666667,10.428571428571429
972,2022-2023,2022,special_ed,5,2.12,7.2
288,2022-2023,2022,basic,6,2.695,5.5
288,2022-2023,2022,special_ed,3,2.44,9.555555555555555
239,2022-2023,2022,basic,2,1.8,7.0
239,2022-2023,2022,early_ed,1,3.62,3.6666666666666665
239,2022-2023,2022,special_ed,3,2.9614285714285713,6.285714285714286
242,2022-2023,2022,basic,1,1.68,8.0
242,2022-2023,2022,special_ed,3,2.808,6.4
243,2022-2023,2022,basic,2,1.195,10.5
243,2022-2023,2022,special_ed,1,1.82,1.0
244,2022-2023,2022,basic,1,1.22,1.0
244,2022-2023,2022,special_ed,2,1.385,9.75
955,2022-2023,2022,basic,2,4.168333333333333,7.666666666666667
955,2022-2023,2022,special_ed,2,3.3516666666666666,5.0
15,2022-2023,2022,basic,2,2.345,5.5
15,2022-2023,2022,special_ed,2,2.565,6.0
245,2022-2023,2022,basic,5,1.358,12.933333333333334
245,2022-2023,2022,early_ed,2,2.6420000000000003,4.8
245,2022-2023,2022,special_ed,7,2.424736842105263,6.2105263157894735
246,2022-2023,2022,basic,1,1.31,6.0
246,2022-2023,2022,special_ed,2,1.915,7.5
107,2022-2023,2022,basic,5,3.008,8.4
107,2022-2023,2022,special_ed,3,2.281428571428571,5.857142857142857
249,2022-2023,2022,basic,1,0.96,10.666666666666666
249,2022-2023,2022,special_ed,1,1.68,8.666666666666666
250,2022-2023,2022,basic,1,1.2,4.0
250,2022-2023,2022,early_ed,1,1.643333333333333,8.0
250,2022-2023,2022,special_ed,1,1.5366666666666668,5.0
252,2022-2023,2022,basic,2,1.135,4.5
252,2022-2023,2022,special_ed,5,1.6592307692307693,5.769230769230769
207,2022-2023,2022,early_ed,1,1.1866666666666668,6.666666666666667
207,2022-2023,2022,homeless,1,7.14,1.0
207,2022-2023,2022,special_ed,2,2.0083333333333333,7.666666666666667
118,2022-2023,2022,basic,4,2.585833333333333,11.416666666666666
118,2022-2023,2022,special_ed,3,2.4771428571428573,6.428571428571429
247,2022-2023,2022,basic,2,1.5816666666666668,13.666666666666666
247,2022-2023,2022,special_ed,1,2.36,3.0
248,2022-2023,2022,basic,2,1.325,10.0
109,2022-2023,2022,basic,3,2.344444444444445,9.666666666666666
109,2022-2023,2022,special_ed,6,1.6283333333333332,4.833333333333333
110,2022-2023,2022,basic,4,2.425,4.0
110,2022-2023,2022,special_ed,5,1.7146666666666666,7.866666666666666
255,2022-2023,2022,basic,2,1.3516666666666668,7.0
255,2022-2023,2022,special_ed,1,2.76,4.0
22,2022-2023,2022,special_ed,6,2.291875,4.25
259,2022-2023,2022,basic,1,1.3999999999999997,8.0
259,2022-2023,2022,special_ed,4,2.4583333333333335,6.166666666666667
261,2022-2023,2022,basic,2,1.175,4.5
261,2022-2023,2022,early_ed,3,1.7611111111111113,7.444444444444445
261,2022-2023,2022,special_ed,2,1.3216666666666663,9.333333333333334
262,2022-2023,2022,basic,2,1.265,11.333333333333334
262,2022-2023,2022,special_ed,3,1.4966666666666668,4.333333333333333
939,2022-2023,2022,basic,2,1.8533333333333333,15.833333333333334
939,2022-2023,2022,special_ed,3,2.4188888888888886,3.4444444444444446
930,2022-2023,2022,basic,7,2.833809523809524,12.476190476190476
930,2022-2023,2022,special_ed,4,2.849166666666666,5.25
974,2022-2023,2022,basic,3,1.24,8.0
21,2022-2023,2022,special_ed,5,1.3853846153846152,6.923076923076923
264,2022-2023,2022,basic,2,1.25,6.0
264,2022-2023,2022,special_ed,1,1.8666666666666665,4.0
275,2022-2023,2022,basic,3,1.2455555555555555,5.888888888888889
275,2022-2023,2022,special_ed,6,1.7506666666666666,8.6
113,2022-2023,2022,basic,3,2.966666666666667,6.0
113,2022-2023,2022,gifted,2,2.9133333333333336,7.333333333333333
113,2022-2023,2022,special_ed,4,2.151666666666667,7.666666666666667
17,2022-2023,2022,special_ed,6,1.987142857142857,3.9285714285714284
267,2022-2023,2022,special_ed,3,3.673333333333334,5.777777777777778
267,2022-2023,2022,basic,2,1.86,5.5
267,2022-2023,2022,early_ed,2,1.3816666666666666,11.333333333333334
267,2022-2023,2022,special_ed,2,1.365,8.833333333333334
268,2022-2023,2022,basic,1,1.38,15.0
268,2022-2023,2022,early_ed,1,1.7666666666666666,4.333333333333333
268,2022-2023,2022,special_ed,4,1.4941666666666666,7.166666666666667
949,2022-2023,2022,basic,6,2.1155555555555554,11.5
949,2022-2023,2022,special_ed,3,1.8614285714285717,5.142857142857143
269,2022-2023,2022,basic,1,1.3033333333333337,9.333333333333334
269,2022-2023,2022,early_ed,2,1.83,2.5
269,2022-2023,2022,special_ed,2,1.405,5.666666666666667
273,2022-2023,2022,special_ed,2,1.585,7.0
291,2022-2023,2022,basic,5,1.4313333333333331,12.066666666666666
291,2022-2023,2022,special_ed,3,1.977777777777778,10.11111111111111
272,2022-2023,2022,basic,1,1.11,9.666666666666666
272,2022-2023,2022,special_ed,2,2.345,5.5
24,2022-2023,2022,special_ed,2,6.195,1.8333333333333333
977,2022-2023,2022,basic,4,1.7000000000000002,14.833333333333334
977,2022-2023,2022,special_ed,4,2.166,6.1
212,2022-2023,2022,gifted,11,3.3804000000000003,10.64
212,2022-2023,2022,special_ed,4,1.952,7.4
935,2022-2023,2022,basic,6,2.647222222222222,14.61111111111111
935,2022-2023,2022,special_ed,2,6.315,5.5
277,2022-2023,2022,basic,2,1.705,6.5
277,2022-2023,2022,special_ed,3,2.414,5.6
276,2022-2023,2022,basic,5,3.0593333333333335,6.8
276,2022-2023,2022,special_ed,2,2.7075,5.0
117,2022-2023,2022,basic,3,2.3200000000000003,5.0
117,2022-2023,2022,gifted,4,4.053636363636364,10.181818181818182
117,2022-2023,2022,special_ed,5,2.49,6.909090909090909
279,2022-2023,2022,basic,3,0.95,6.0
236,2022-2023,2022,basic,5,3.036,2.6
236,2022-2023,2022,early_ed,1,2.7266666666666666,7.333333333333333
236,2022-2023,2022,special_ed,6,3.651111111111111,6.222222222222222
19,2022-2023,2022,special_ed,4,1.925,6.2
281,2022-2023,2022,basic,1,1.1,2.0
281,2022-2023,2022,special_ed,2,1.545,3.75
115,2022-2023,2022,basic,2,2.485,4.0
115,2022-2023,2022,special_ed,3,1.767777777777778,5.111111111111111
282,2022-2023,2022,basic,1,1.04,4.0
282,2022-2023,2022,special_ed,2,1.38,4.0
286,2022-2023,2022,basic,1,1.1833333333333331,3.3333333333333335
286,2022-2023,2022,early_ed,2,1.1050000000000002,5.5
286,2022-2023,2022,special_ed,3,1.4311111111111112,7.777777777777778
201,2023-2024,2023,basic,1,0.81,7.0
201,2023-2024,2023,special_ed,2,2.625,2.5
130,2023-2024,2023,basic,8,2.065,3.875
130,2023-2024,2023,special_ed,6,1.9733333333333336,6.666666666666667
202,2023-2024,2023,basic,3,1.4966666666666668,4.666666666666667
202,2023-2024,2023,special_ed,1,2.27,3.0
203,2023-2024,2023,basic,3,1.403333333333333,4.333333333333333
203,2023-2024,2023,special_ed,5,2.3160000000000003,5.8
218,2023-2024,2023,basic,3,0.88,7.333333333333333
218,2023-2024,2023,early_ed,2,1.87,3.5
218,2023-2024,2023,special_ed,2,1.475,3.5
226,2023-2024,2023,basic,1,0.49,5.0
226,2023-2024,2023,special_ed,4,1.1825,5.75
11,2023-2024,2023,special_ed,5,2.314,4.2
205,2023-2024,2023,homeless,1,2.21,2.0
208,2023-2024,2023,basic,1,1.13,6.0
208,2023-2024,2023,early_ed,2,1.535,5.0
208,2023-2024,2023,special_ed,4,1.4174999999999998,5.5
209,2023-2024,2023,basic,1,1.03,10.0
209,2023-2024,2023,special_ed,1,0.31,1.0
971,2023-2024,2023,early_ed,3,3.16,2.3333333333333335
971,2023-2024,2023,gifted,12,3.5208333333333335,15.0
289,2023-2024,2023,basic,1,1.07,5.0
210,2023-2024,2023,basic,2,1.6049999999999998,14.5
18,2023-2024,2023,special_ed,8,2.13375,8.875
12,2023-2024,2023,special_ed,4,2.585,4.25
215,2023-2024,2023,basic,1,1.63,8.0
215,2023-2024,2023,early_ed,1,1.05,4.0
215,2023-2024,2023,special_ed,1,0.6,5.0
204,2023-2024,2023,basic,1,0.68,7.0
204,2023-2024,2023,special_ed,4,1.9375,6.25
251,2023-2024,2023,basic,1,1.18,2.0
251,2023-2024,2023,special_ed,2,1.595,5.5
287,2023-2024,2023,gifted,3,1.596666666666667,14.666666666666666
103,2023-2024,2023,basic,6,2.2466666666666666,3.1666666666666665
103,2023-2024,2023,special_ed,6,1.6749999999999998,7.666666666666667
219,2023-2024,2023,special_ed,2,1.83,6.0
104,2023-2024,2023,basic,3,2.3,4.333333333333333
104,2023-2024,2023,special_ed,5,2.502,4.2
221,2023-2024,2023,basic,2,0.93,3.5
221,2023-2024,2023,early_ed,1,1.29,13.0
221,2023-2024,2023,special_ed,4,1.6575,5.75
222,2023-2024,2023,gifted,2,1.855,12.5
222,2023-2024,2023,special_ed,2,2.31,7.0
13,2023-2024,2023,special_ed,6,2.036666666666666,6.0
211,2023-2024,2023,basic,1,1.2,2.0
211,2023-2024,2023,special_ed,1,0.93,5.0
14,2023-2024,2023,special_ed,4,1.7474999999999998,7.75
225,2023-2024,2023,basic,1,1.3,3.0
225,2023-2024,2023,special_ed,1,1.95,8.0
270,2023-2024,2023,basic,1,1.11,1.0
270,2023-2024,2023,special_ed,2,1.84,7.0
220,2023-2024,2023,basic,1,1.05,4.0
220,2023-2024,2023,special_ed,3,1.26,7.333333333333333
229,2023-2024,2023,basic,3,1.2266666666666668,10.333333333333334
229,2023-2024,2023,special_ed,3,2.21,4.333333333333333
230,2023-2024,2023,basic,1,0.63,6.0
230,2023-2024,2023,special_ed,1,1.61,6.0
105,2023-2024,2023,basic,2,2.415,3.0
105,2023-2024,2023,gifted,4,3.0025,6.75
105,2023-2024,2023,special_ed,2,1.755,3.5
233,2023-2024,2023,basic,3,1.1066666666666665,9.666666666666666
233,2023-2024,2023,special_ed,1,2.03,3.0
292,2023-2024,2023,basic,7,1.8342857142857143,13.0
292,2023-2024,2023,special_ed,4,2.5775,5.25
235,2023-2024,2023,basic,1,0.97,4.0
235,2023-2024,2023,special_ed,2,1.98,5.0
20,2023-2024,2023,special_ed,11,3.235454545454546,4.7272727272727275
257,2023-2024,2023,basic,2,1.13,5.5
257,2023-2024,2023,early_ed,2,1.25,6.5
257,2023-2024,2023,special_ed,2,4.445,2.5
106,2023-2024,2023,basic,6,1.8716666666666664,8.666666666666666
106,2023-2024,2023,gifted,3,2.8533333333333335,12.666666666666666
106,2023-2024,2023,special_ed,5,1.318,8.0
234,2023-2024,2023,basic,3,1.0933333333333333,11.666666666666666
234,2023-2024,2023,special_ed,4,2.1675,5.25
256,2023-2024,2023,early_ed,1,0.65,6.0
256,2023-2024,2023,special_ed,1,1.47,9.0
266,2023-2024,2023,basic,3,3.37,10.666666666666666
266,2023-2024,2023,special_ed,2,3.215,7.0
241,2023-2024,2023,basic,2,1.19,11.5
972,2023-2024,2023,basic,7,2.517142857142857,10.0
972,2023-2024,2023,early_ed,1,2.08,2.0
972,2023-2024,2023,special_ed,3,2.4000000000000004,7.666666666666667
288,2023-2024,2023,basic,2,1.34,7.0
288,2023-2024,2023,early_ed,1,1.06,6.0
288,2023-2024,2023,special_ed,4,1.84,8.5
239,2023-2024,2023,basic,2,1.875,6.5
239,2023-2024,2023,special_ed,3,2.216666666666667,5.0
242,2023-2024,2023,basic,1,1.66,10.0
242,2023-2024,2023,special_ed,3,3.253333333333333,5.333333333333333
243,2023-2024,2023,basic,2,1.245,10.0
243,2023-2024,2023,special_ed,1,1.61,4.0
244,2023-2024,2023,basic,1,1.11,2.0
244,2023-2024,2023,special_ed,3,2.3966666666666665,6.333333333333333
955,2023-2024,2023,basic,2,4.085,6.5
955,2023-2024,2023,special_ed,2,3.4499999999999997,3.0
15,2023-2024,2023,special_ed,3,2.376666666666667,6.0
245,2023-2024,2023,basic,5,1.394,10.6
245,2023-2024,2023,early_ed,1,1.23,8.0
245,2023-2024,2023,special_ed,7,2.801428571428571,6.142857142857143
246,2023-2024,2023,basic,1,1.31,6.0
246,2023-2024,2023,special_ed,2,1.905,7.0
107,2023-2024,2023,basic,5,2.99,6.8
107,2023-2024,2023,special_ed,3,2.0,7.0
249,2023-2024,2023,basic,1,0.96,12.0
249,2023-2024,2023,special_ed,2,8.385,2.0
250,2023-2024,2023,basic,1,1.14,5.0
250,2023-2024,2023,special_ed,2,1.37,8.0
252,2023-2024,2023,basic,2,1.135,4.5
252,2023-2024,2023,special_ed,4,1.93,6.5
207,2023-2024,2023,early_ed,1,1.2,3.0
207,2023-2024,2023,special_ed,2,2.15,6.0
118,2023-2024,2023,basic,4,2.5425,10.5
118,2023-2024,2023,special_ed,3,2.52,3.6666666666666665
247,2023-2024,2023,basic,2,1.5650000000000002,14.0
247,2023-2024,2023,special_ed,1,1.67,3.0
248,2023-2024,2023,basic,2,1.38,9.0
109,2023-2024,2023,basic,3,2.3699999999999997,9.0
109,2023-2024,2023,special_ed,4,2.3000000000000003,5.5
110,2023-2024,2023,basic,5,2.738,5.8
110,2023-2024,2023,special_ed,5,1.652,7.2
255,2023-2024,2023,basic,4,3.035,6.0
255,2023-2024,2023,special_ed,2,4.735,3.0
22,2023-2024,2023,special_ed,5,1.406,6.2
259,2023-2024,2023,basic,1,1.39,7.0
259,2023-2024,2023,early_ed,1,1.22,4.0
259,2023-2024,2023,special_ed,3,1.9766666666666663,6.0
261,2023-2024,2023,basic,2,1.155,4.5
261,2023-2024,2023,early_ed,2,1.095,9.5
261,2023-2024,2023,special_ed,4,2.305,7.75
262,2023-2024,2023,basic,2,1.375,13.5
262,2023-2024,2023,special_ed,3,1.6233333333333333,6.0
939,2023-2024,2023,basic,2,1.7,14.0
939,2023-2024,2023,special_ed,4,3.1425,3.25
930,2023-2024,2023,basic,7,2.8128571428571427,12.714285714285714
930,2023-2024,2023,special_ed,5,2.89,4.6
974,2023-2024,2023,basic,3,1.2633333333333334,7.333333333333333
21,2023-2024,2023,special_ed,6,1.3283333333333334,5.166666666666667
264,2023-2024,2023,basic,1,1.23,12.0
264,2023-2024,2023,special_ed,1,1.61,2.0
275,2023-2024,2023,basic,3,1.2666666666666666,6.333333333333333
275,2023-2024,2023,special_ed,4,1.875,9.75
113,2023-2024,2023,basic,3,2.8033333333333332,5.666666666666667
113,2023-2024,2023,gifted,2,2.805,8.0
113,2023-2024,2023,special_ed,4,2.08,7.0
17,2023-2024,2023,special_ed,7,4.007142857142857,4.285714285714286
267,2023-2024,2023,homeless,1,5.88,1.0
267,2023-2024,2023,special_ed,2,3.645,5.0
267,2023-2024,2023,basic,2,1.3549999999999998,5.0
267,2023-2024,2023,early_ed,2,1.305,9.5
267,2023-2024,2023,homeless,1,4.8,1.0
267,2023-2024,2023,special_ed,2,1.32,10.5
268,2023-2024,2023,basic,1,1.37,15.0
268,2023-2024,2023,special_ed,4,1.4225,9.5
949,2023-2024,2023,basic,6,2.018333333333333,10.333333333333334
949,2023-2024,2023,special_ed,3,1.2633333333333332,3.6666666666666665
269,2023-2024,2023,basic,1,1.31,9.0
269,2023-2024,2023,early_ed,1,2.5,7.0
269,2023-2024,2023,special_ed,2,1.665,6.5
273,2023-2024,2023,special_ed,2,1.775,3.5
291,2023-2024,2023,basic,5,1.464,13.0
291,2023-2024,2023,special_ed,4,1.68,8.25
272,2023-2024,2023,basic,1,1.13,6.0
272,2023-2024,2023,special_ed,4,4.4825,3.5
24,2023-2024,2023,special_ed,3,5.573333333333334,1.3333333333333333
977,2023-2024,2023,basic,4,1.6675000000000002,12.5
977,2023-2024,2023,special_ed,5,2.026,7.4
212,2023-2024,2023,gifted,12,3.7958333333333334,8.666666666666666
212,2023-2024,2023,special_ed,5,2.814,6.2
935,2023-2024,2023,basic,6,2.6300000000000003,14.333333333333334
935,2023-2024,2023,special_ed,6,5.970000000000001,4.666666666666667
277,2023-2024,2023,basic,1,1.72,13.0
277,2023-2024,2023,special_ed,3,1.79,4.333333333333333
276,2023-2024,2023,basic,2,1.0,6.0
276,2023-2024,2023,early_ed,1,1.22,11.0
276,2023-2024,2023,special_ed,2,1.3099999999999998,5.0
117,2023-2024,2023,basic,4,3.4599999999999995,8.75
117,2023-2024,2023,gifted,2,3.67,6.0
117,2023-2024,2023,special_ed,5,2.018,4.6
279,2023-2024,2023,basic,2,1.035,6.0
236,2023-2024,2023,basic,1,1.63,1.0
236,2023-2024,2023,early_ed,2,2.345,3.5
236,2023-2024,2023,special_ed,4,1.725,7.75
19,2023-2024,2023,special_ed,4,1.9475,5.5
281,2023-2024,2023,basic,1,0.86,3.0
281,2023-2024,2023,special_ed,1,1.74,5.0
115,2023-2024,2023,basic,2,2.47,4.5
115,2023-2024,2023,special_ed,3,1.37,5.333333333333333
282,2023-2024,2023,basic,1,1.06,3.0
282,2023-2024,2023,special_ed,2,1.525,3.5
286,2023-2024,2023,basic,1,0.7399999999999999,2.0
286,2023-2024,2023,early_ed,2,0.695,6.0
286,2023-2024,2023,special_ed,3,1.163333333333333,6.666666666666667
201,2024-2025,2024,basic,1,0.81,7.0
201,2024-2025,2024,special_ed,2,4.154999999999999,4.5
130,2024-2025,2024,basic,7,2.0085714285714285,5.571428571428571
130,2024-2025,2024,special_ed,5,1.794,7.6
202,2024-2025,2024,basic,3,1.5,4.666666666666667
202,2024-2025,2024,special_ed,1,0.96,1.0
203,2024-2025,2024,basic,3,1.4266666666666663,3.6666666666666665
203,2024-2025,2024,special_ed,5,1.94,5.0
218,2024-2025,2024,basic,3,0.98,8.0
218,2024-2025,2024,special_ed,3,1.5433333333333337,3.3333333333333335
226,2024-2025,2024,basic,1,0.51,6.0
226,2024-2025,2024,special_ed,4,1.0775,4.0
11,2024-2025,2024,special_ed,4,2.3075,4.75
205,2024-2025,2024,homeless,1,1.75,2.0
208,2024-2025,2024,basic,1,1.09,7.0
208,2024-2025,2024,early_ed,2,2.025,5.0
208,2024-2025,2024,special_ed,5,1.436,4.4
209,2024-2025,2024,basic,1,1.11,10.0
971,2024-2025,2024,gifted,12,3.5475,15.666666666666666
971,2024-2025,2024,special_ed,4,2.6225,2.75
289,2024-2025,2024,basic,1,0.98,4.0
210,2024-2025,2024,basic,2,1.55,14.0
210,2024-2025,2024,special_ed,1,0.79,3.0
18,2024-2025,2024,special_ed,8,2.17375,7.5
12,2024-2025,2024,special_ed,2,2.195,4.5
215,2024-2025,2024,basic,1,1.74,9.0
215,2024-2025,2024,early_ed,1,1.13,7.0
215,2024-2025,2024,special_ed,1,1.88,5.0
204,2024-2025,2024,basic,1,0.74,7.0
204,2024-2025,2024,special_ed,4,2.065,4.25
251,2024-2025,2024,basic,1,1.09,2.0
251,2024-2025,2024,special_ed,2,1.925,7.0
287,2024-2025,2024,gifted,3,1.6,13.333333333333334
287,2024-2025,2024,special_ed,1,1.38,1.0
103,2024-2025,2024,basic,6,2.585,4.666666666666667
103,2024-2025,2024,special_ed,5,1.818,9.4
219,2024-2025,2024,special_ed,4,1.3275,8.25
104,2024-2025,2024,basic,3,2.21,6.666666666666667
104,2024-2025,2024,special_ed,5,1.75,4.2
221,2024-2025,2024,basic,3,0.8300000000000001,2.3333333333333335
221,2024-2025,2024,early_ed,1,1.05,9.0
221,2024-2025,2024,special_ed,4,1.2725,5.75
222,2024-2025,2024,basic,1,1.57,12.0
222,2024-2025,2024,special_ed,3,2.463333333333334,4.666666666666667
13,2024-2025,2024,special_ed,6,2.026666666666667,4.333333333333333
211,2024-2025,2024,basic,1,1.2,2.0
211,2024-2025,2024,special_ed,1,0.97,3.0
14,2024-2025,2024,special_ed,4,1.79,5.25
225,2024-2025,2024,basic,1,0.9,3.0
225,2024-2025,2024,special_ed,1,2.01,8.0
270,2024-2025,2024,basic,1,1.22,4.0
270,2024-2025,2024,special_ed,2,1.255,8.0
220,2024-2025,2024,basic,1,1.16,4.0
220,2024-2025,2024,special_ed,3,1.403333333333333,7.666666666666667
229,2024-2025,2024,basic,3,1.1766666666666667,12.0
229,2024-2025,2024,special_ed,6,2.22,2.5
230,2024-2025,2024,basic,1,0.56,5.0
230,2024-2025,2024,special_ed,2,1.27,4.0
105,2024-2025,2024,basic,2,2.295,6.5
105,2024-2025,2024,gifted,3,2.893333333333333,8.333333333333334
105,2024-2025,2024,special_ed,2,2.075,4.5
233,2024-2025,2024,basic,3,1.096666666666667,8.666666666666666
233,2024-2025,2024,special_ed,1,0.98,6.0
292,2024-2025,2024,basic,7,1.8414285714285712,12.285714285714286
292,2024-2025,2024,special_ed,4,2.0775,4.5
235,2024-2025,2024,basic,1,1.16,3.0
235,2024-2025,2024,special_ed,2,2.085,5.5
20,2024-2025,2024,special_ed,12,3.6675,4.916666666666667
257,2024-2025,2024,basic,2,1.17,7.0
257,2024-2025,2024,early_ed,2,1.1,6.5
257,2024-2025,2024,special_ed,2,1.77,4.0
106,2024-2025,2024,basic,5,1.734,8.2
106,2024-2025,2024,gifted,4,2.73,9.0
106,2024-2025,2024,special_ed,5,1.942,7.2
234,2024-2025,2024,basic,2,1.16,9.5
234,2024-2025,2024,special_ed,4,1.8975,6.5
256,2024-2025,2024,early_ed,1,0.64,7.0
256,2024-2025,2024,special_ed,2,1.19,4.5
266,2024-2025,2024,basic,4,3.4275,6.5
266,2024-2025,2024,special_ed,3,3.3000000000000003,7.666666666666667
241,2024-2025,2024,basic,2,1.315,11.5
972,2024-2025,2024,basic,6,2.436666666666667,10.166666666666666
972,2024-2025,2024,special_ed,3,2.3933333333333335,7.666666666666667
288,2024-2025,2024,basic,3,1.2933333333333332,7.333333333333333
288,2024-2025,2024,early_ed,1,1.31,6.0
288,2024-2025,2024,special_ed,4,2.2024999999999997,6.0
239,2024-2025,2024,basic,2,1.83,6.5
239,2024-2025,2024,special_ed,5,2.788,6.2
242,2024-2025,2024,basic,1,1.62,9.0
242,2024-2025,2024,special_ed,2,2.2,6.5
243,2024-2025,2024,basic,2,1.235,10.0
243,2024-2025,2024,special_ed,1,0.87,5.0
244,2024-2025,2024,basic,1,1.15,2.0
244,2024-2025,2024,special_ed,4,1.785,5.75
955,2024-2025,2024,basic,2,4.0600000000000005,4.5
955,2024-2025,2024,special_ed,3,2.4,3.3333333333333335
15,2024-2025,2024,special_ed,3,2.283333333333333,6.333333333333333
245,2024-2025,2024,basic,6,1.3016666666666663,9.333333333333334
245,2024-2025,2024,early_ed,1,1.06,9.0
245,2024-2025,2024,special_ed,9,2.643333333333333,4.666666666666667
246,2024-2025,2024,basic,1,1.36,7.0
246,2024-2025,2024,special_ed,3,2.0966666666666667,5.0
107,2024-2025,2024,basic,5,2.9,8.0
107,2024-2025,2024,special_ed,3,1.85,7.333333333333333
249,2024-2025,2024,basic,1,1.21,10.0
249,2024-2025,2024,special_ed,2,7.335,3.0
250,2024-2025,2024,basic,1,1.18,4.0
250,2024-2025,2024,special_ed,2,1.05,8.0
252,2024-2025,2024,basic,1,1.11,7.0
252,2024-2025,2024,special_ed,3,1.92,8.333333333333334
207,2024-2025,2024,early_ed,1,0.92,7.0
207,2024-2025,2024,special_ed,2,1.5,8.5
118,2024-2025,2024,basic,4,2.625,7.0
118,2024-2025,2024,special_ed,4,2.65,4.0
247,2024-2025,2024,basic,2,1.415,11.5
247,2024-2025,2024,special_ed,1,3.02,3.0
248,2024-2025,2024,basic,2,1.39,10.0
109,2024-2025,2024,basic,3,2.3666666666666667,8.666666666666666
109,2024-2025,2024,special_ed,4,1.52,4.0
110,2024-2025,2024,basic,5,2.726,5.4
110,2024-2025,2024,special_ed,4,1.9025,8.0
255,2024-2025,2024,basic,4,3.0175,6.5
255,2024-2025,2024,special_ed,2,4.575,3.0
22,2024-2025,2024,special_ed,10,2.154,3.8
259,2024-2025,2024,basic,1,1.31,7.0
259,2024-2025,2024,special_ed,4,1.9275,5.5
261,2024-2025,2024,basic,2,1.175,4.0
261,2024-2025,2024,early_ed,2,1.085,10.5
261,2024-2025,2024,special_ed,6,1.413333333333333,5.666666666666667
262,2024-2025,2024,basic,2,1.275,11.0
262,2024-2025,2024,special_ed,3,1.7333333333333334,7.333333333333333
939,2024-2025,2024,basic,2,1.5,13.0
939,2024-2025,2024,special_ed,4,2.6775,2.0
930,2024-2025,2024,basic,7,2.775714285714286,12.142857142857142
930,2024-2025,2024,special_ed,6,2.6783333333333332,4.666666666666667
974,2024-2025,2024,basic,3,1.4066666666666665,6.0
974,2024-2025,2024,special_ed,2,1.72,3.5
21,2024-2025,2024,special_ed,6,1.336666666666667,4.5
264,2024-2025,2024,basic,1,1.21,13.0
264,2024-2025,2024,special_ed,1,1.3,1.0
275,2024-2025,2024,basic,3,1.2266666666666666,5.333333333333333
275,2024-2025,2024,special_ed,5,2.051111111111111,9.222222222222221
113,2024-2025,2024,basic,3,2.72,6.0
113,2024-2025,2024,gifted,2,2.75,9.0
113,2024-2025,2024,special_ed,4,1.82,6.75
17,2024-2025,2024,special_ed,8,4.0925,4.125
267,2024-2025,2024,special_ed,4,4.322857142857143,5.0
267,2024-2025,2024,basic,2,1.41,5.5
267,2024-2025,2024,early_ed,2,1.16,10.0
267,2024-2025,2024,special_ed,3,1.5533333333333337,8.0
268,2024-2025,2024,basic,1,1.34,14.0
268,2024-2025,2024,special_ed,7,1.5714285714285714,7.142857142857143
949,2024-2025,2024,basic,6,2.03,10.833333333333334
949,2024-2025,2024,special_ed,3,1.596666666666667,3.6666666666666665
269,2024-2025,2024,basic,2,1.6,10.0
269,2024-2025,2024,special_ed,2,2.17,3.5
273,2024-2025,2024,special_ed,1,1.48,8.0
291,2024-2025,2024,basic,5,1.444,11.2
291,2024-2025,2024,special_ed,3,1.2766666666666666,9.0
272,2024-2025,2024,basic,1,1.12,7.0
272,2024-2025,2024,special_ed,5,3.368,3.4
24,2024-2025,2024,special_ed,2,6.85,2.5
977,2024-2025,2024,basic,4,1.6325,10.75
977,2024-2025,2024,special_ed,6,1.845,5.333333333333333
212,2024-2025,2024,gifted,12,3.675,8.75
212,2024-2025,2024,special_ed,5,1.862,6.4
935,2024-2025,2024,basic,6,2.5933333333333333,14.0
935,2024-2025,2024,special_ed,8,5.64875,4.375
277,2024-2025,2024,basic,1,1.77,13.0
277,2024-2025,2024,special_ed,2,1.76,5.5
276,2024-2025,2024,basic,2,1.02,6.5
276,2024-2025,2024,early_ed,1,1.23,10.0
276,2024-2025,2024,special_ed,2,1.4300000000000002,4.0
117,2024-2025,2024,basic,2,2.74,5.5
117,2024-2025,2024,gifted,4,3.5875,7.0
117,2024-2025,2024,special_ed,6,2.296666666666667,5.166666666666667
279,2024-2025,2024,basic,2,0.945,6.0
279,2024-2025,2024,special_ed,1,1.08,3.0
236,2024-2025,2024,basic,1,1.69,1.0
236,2024-2025,2024,early_ed,1,0.67,8.0
236,2024-2025,2024,special_ed,3,1.8166666666666669,10.0
19,2024-2025,2024,special_ed,3,2.03,5.0
281,2024-2025,2024,basic,1,1.04,1.0
281,2024-2025,2024,special_ed,1,0.98,6.0
115,2024-2025,2024,basic,2,2.455,4.5
115,2024-2025,2024,special_ed,2,1.455,6.5
282,2024-2025,2024,basic,1,1.19,2.0
282,2024-2025,2024,special_ed,2,1.48,6.5
286,2024-2025,2024,basic,1,0.81,2.0
286,2024-2025,2024,early_ed,2,0.925,8.0
286,2024-2025,2024,special_ed,3,1.0833333333333333,7.0
201,2025-2026,2025,basic,1,0.79,10.0
201,2025-2026,2025,special_ed,1,4.89,7.0
130,2025-2026,2025,basic,7,2.0228571428571427,4.428571428571429
130,2025-2026,2025,special_ed,5,1.83,6.2
202,2025-2026,2025,basic,3,1.4333333333333331,5.0
202,2025-2026,2025,special_ed,1,0.95,1.0
203,2025-2026,2025,basic,3,1.42,4.0
203,2025-2026,2025,special_ed,5,2.026,4.8
218,2025-2026,2025,basic,3,0.94,7.666666666666667
218,2025-2026,2025,special_ed,4,1.6675,3.0
226,2025-2026,2025,basic,1,0.5,5.0
226,2025-2026,2025,special_ed,4,1.435,3.25
11,2025-2026,2025,special_ed,4,2.8825000000000003,3.0
205,2025-2026,2025,basic,1,0.78,4.0
208,2025-2026,2025,basic,1,1.1,7.0
208,2025-2026,2025,early_ed,2,1.11,5.0
208,2025-2026,2025,special_ed,5,1.61,5.0
209,2025-2026,2025,basic,1,1.11,10.0
971,2025-2026,2025,gifted,12,3.5325,16.666666666666668
971,2025-2026,2025,special_ed,2,2.23,3.5
289,2025-2026,2025,basic,1,0.98,5.0
210,2025-2026,2025,basic,2,1.4449999999999998,13.0
210,2025-2026,2025,special_ed,1,1.32,5.0
18,2025-2026,2025,special_ed,11,1.8518181818181816,6.818181818181818
12,2025-2026,2025,special_ed,4,2.7075,6.25
215,2025-2026,2025,basic,1,1.73,7.0
215,2025-2026,2025,early_ed,1,0.96,7.0
215,2025-2026,2025,special_ed,1,0.93,4.0
204,2025-2026,2025,basic,1,0.74,7.0
204,2025-2026,2025,special_ed,5,2.268,4.4
251,2025-2026,2025,basic,1,1.32,3.0
251,2025-2026,2025,special_ed,2,1.725,8.5
287,2025-2026,2025,gifted,3,1.6366666666666667,12.666666666666666
287,2025-2026,2025,special_ed,1,2.03,2.0
103,2025-2026,2025,basic,5,2.516,4.2
103,2025-2026,2025,special_ed,6,1.788333333333333,6.166666666666667
219,2025-2026,2025,special_ed,5,1.668,5.2
104,2025-2026,2025,basic,3,2.236666666666667,6.333333333333333
104,2025-2026,2025,special_ed,5,2.028,4.4
221,2025-2026,2025,basic,3,2.18,2.6666666666666665
221,2025-2026,2025,early_ed,1,2.77,9.0
221,2025-2026,2025,special_ed,3,2.26,7.666666666666667
222,2025-2026,2025,basic,1,1.5,11.0
222,2025-2026,2025,special_ed,3,1.4,5.666666666666667
13,2025-2026,2025,special_ed,6,1.955,4.666666666666667
211,2025-2026,2025,basic,1,1.06,4.0
211,2025-2026,2025,special_ed,1,3.28,1.0
14,2025-2026,2025,special_ed,5,1.888,4.6
225,2025-2026,2025,basic,1,1.09,2.0
225,2025-2026,2025,special_ed,2,2.68,2.0
270,2025-2026,2025,basic,1,1.31,2.0
270,2025-2026,2025,special_ed,2,1.435,5.0
220,2025-2026,2025,basic,1,1.16,4.0
220,2025-2026,2025,special_ed,3,1.66,6.0
229,2025-2026,2025,basic,3,1.22,12.333333333333334
229,2025-2026,2025,special_ed,6,3.4266666666666663,2.3333333333333335
230,2025-2026,2025,basic,1,0.6,6.0
230,2025-2026,2025,special_ed,2,1.505,3.0
105,2025-2026,2025,basic,2,2.365,5.0
105,2025-2026,2025,gifted,3,3.03,8.666666666666666
105,2025-2026,2025,special_ed,2,2.525,5.0
233,2025-2026,2025,basic,3,1.086666666666667,8.333333333333334
233,2025-2026,2025,special_ed,1,1.21,7.0
292,2025-2026,2025,basic,7,1.747142857142857,10.857142857142858
292,2025-2026,2025,special_ed,4,1.82,5.0
235,2025-2026,2025,basic,1,1.1,3.0
235,2025-2026,2025,special_ed,4,1.6625,5.75
20,2025-2026,2025,special_ed,13,3.2176923076923076,4.538461538461538
257,2025-2026,2025,basic,2,1.17,7.5
257,2025-2026,2025,early_ed,2,1.205,7.5
257,2025-2026,2025,special_ed,4,1.9975,3.0
106,2025-2026,2025,basic,5,1.738,7.8
106,2025-2026,2025,gifted,4,2.6825,9.75
106,2025-2026,2025,special_ed,5,1.442,4.4
234,2025-2026,2025,basic,2,1.165,9.5
234,2025-2026,2025,special_ed,4,2.35,6.75
256,2025-2026,2025,early_ed,1,0.8,6.0
256,2025-2026,2025,special_ed,2,1.405,5.0
266,2025-2026,2025,basic,2,1.1,5.5
266,2025-2026,2025,special_ed,3,1.7300000000000002,4.0
241,2025-2026,2025,basic,2,1.42,11.0
972,2025-2026,2025,basic,6,2.455,10.5
972,2025-2026,2025,special_ed,3,2.63,7.333333333333333
288,2025-2026,2025,basic,2,1.34,6.0
288,2025-2026,2025,early_ed,1,1.27,7.0
288,2025-2026,2025,special_ed,5,1.736,7.4
239,2025-2026,2025,basic,2,1.835,7.0
239,2025-2026,2025,special_ed,5,2.332,6.6
242,2025-2026,2025,basic,1,1.55,11.0
242,2025-2026,2025,special_ed,2,2.325,4.0
243,2025-2026,2025,basic,2,1.22,10.0
243,2025-2026,2025,special_ed,1,1.01,4.0
244,2025-2026,2025,basic,1,1.15,2.0
244,2025-2026,2025,special_ed,5,2.136,7.6
955,2025-2026,2025,basic,1,4.17,5.0
955,2025-2026,2025,special_ed,4,2.7125,3.0
15,2025-2026,2025,special_ed,3,2.2,6.666666666666667
245,2025-2026,2025,basic,6,1.3266666666666669,9.5
245,2025-2026,2025,early_ed,1,1.26,9.0
245,2025-2026,2025,special_ed,10,2.978,5.0
246,2025-2026,2025,basic,1,1.36,7.0
246,2025-2026,2025,special_ed,3,2.02,5.666666666666667
107,2025-2026,2025,basic,3,2.6799999999999997,6.333333333333333
107,2025-2026,2025,gifted,2,3.495,9.0
107,2025-2026,2025,special_ed,3,1.7933333333333332,7.333333333333333
249,2025-2026,2025,basic,1,1.32,10.0
249,2025-2026,2025,special_ed,3,4.06,4.0
250,2025-2026,2025,basic,1,1.24,3.0
250,2025-2026,2025,special_ed,2,1.4,9.5
252,2025-2026,2025,basic,1,1.11,7.0
252,2025-2026,2025,special_ed,3,1.846666666666667,9.0
207,2025-2026,2025,early_ed,1,0.72,7.0
207,2025-2026,2025,special_ed,2,1.455,8.5
118,2025-2026,2025,basic,4,2.7225,6.25
118,2025-2026,2025,special_ed,4,2.4975,4.75
247,2025-2026,2025,basic,2,1.41,11.5
247,2025-2026,2025,special_ed,1,1.13,1.0
248,2025-2026,2025,basic,2,1.39,9.5
109,2025-2026,2025,basic,3,2.3800000000000003,8.333333333333334
109,2025-2026,2025,special_ed,3,2.21,3.3333333333333335
110,2025-2026,2025,basic,3,2.313333333333333,6.0
110,2025-2026,2025,special_ed,4,1.8425,7.5
255,2025-2026,2025,basic,2,1.27,6.5
255,2025-2026,2025,special_ed,2,2.5599999999999996,2.5
22,2025-2026,2025,special_ed,6,1.8133333333333332,5.666666666666667
259,2025-2026,2025,basic,1,1.27,8.0
259,2025-2026,2025,special_ed,4,2.1575,6.0
261,2025-2026,2025,basic,2,1.165,4.5
261,2025-2026,2025,early_ed,2,0.955,10.5
261,2025-2026,2025,special_ed,6,1.221666666666667,5.166666666666667
262,2025-2026,2025,basic,2,1.255,10.5
262,2025-2026,2025,special_ed,4,1.6025,5.0
939,2025-2026,2025,basic,2,1.495,11.5
939,2025-2026,2025,special_ed,4,3.3025,1.75
930,2025-2026,2025,basic,7,2.8057142857142856,13.0
930,2025-2026,2025,special_ed,5,2.834,4.8
974,2025-2026,2025,basic,3,1.3133333333333332,6.0
21,2025-2026,2025,special_ed,10,2.411,4.2
264,2025-2026,2025,basic,1,1.35,9.0
264,2025-2026,2025,special_ed,1,0.98,2.0
275,2025-2026,2025,basic,3,1.29,4.666666666666667
275,2025-2026,2025,special_ed,4,1.5425,8.5
113,2025-2026,2025,basic,3,2.72,6.0
113,2025-2026,2025,gifted,2,2.76,9.0
113,2025-2026,2025,special_ed,4,1.7975,7.25
17,2025-2026,2025,special_ed,8,4.38,3.625
267,2025-2026,2025,basic,2,1.485,5.0
267,2025-2026,2025,early_ed,2,1.18,8.5
267,2025-2026,2025,special_ed,2,1.24,6.5
268,2025-2026,2025,basic,1,1.34,13.0
268,2025-2026,2025,special_ed,7,1.6371428571428572,6.428571428571429
949,2025-2026,2025,basic,6,2.106666666666667,9.666666666666666
949,2025-2026,2025,special_ed,3,3.35,2.6666666666666665
269,2025-2026,2025,basic,1,1.26,8.0
269,2025-2026,2025,special_ed,2,2.5250000000000004,6.0
273,2025-2026,2025,special_ed,1,2.15,6.0
291,2025-2026,2025,basic,5,1.426,10.0
291,2025-2026,2025,special_ed,3,1.6,8.333333333333334
272,2025-2026,2025,basic,1,1.12,7.0
272,2025-2026,2025,special_ed,7,4.161428571428572,3.2857142857142856
24,2025-2026,2025,special_ed,2,7.605,3.0
977,2025-2026,2025,basic,4,1.63,12.25
977,2025-2026,2025,special_ed,7,2.0785714285714287,4.571428571428571
212,2025-2026,2025,gifted,12,3.715,9.166666666666666
212,2025-2026,2025,special_ed,8,2.22375,3.75
935,2025-2026,2025,basic,7,2.707142857142857,11.857142857142858
935,2025-2026,2025,special_ed,10,5.682,3.2
277,2025-2026,2025,basic,1,1.77,14.0
277,2025-2026,2025,special_ed,2,1.465,5.5
276,2025-2026,2025,basic,2,0.995,6.0
276,2025-2026,2025,early_ed,1,1.18,10.0
276,2025-2026,2025,special_ed,2,1.51,4.5
117,2025-2026,2025,basic,2,2.7249999999999996,4.0
117,2025-2026,2025,gifted,4,3.6075,9.25
117,2025-2026,2025,special_ed,6,1.6883333333333332,3.8333333333333335
279,2025-2026,2025,basic,2,1.015,8.5
279,2025-2026,2025,special_ed,3,1.9466666666666663,2.6666666666666665
236,2025-2026,2025,basic,1,2.01,2.0
236,2025-2026,2025,early_ed,1,0.84,7.0
236,2025-2026,2025,special_ed,3,1.7933333333333332,8.333333333333334
19,2025-2026,2025,special_ed,3,2.36,6.333333333333333
281,2025-2026,2025,basic,1,1.02,3.0
281,2025-2026,2025,special_ed,1,1.31,4.0
115,2025-2026,2025,basic,2,2.465,4.5
115,2025-2026,2025,special_ed,2,1.21,7.5
282,2025-2026,2025,basic,1,1.08,4.0
282,2025-2026,2025,special_ed,3,1.99,5.0
286,2025-2026,2025,basic,1,0.81,2.0
286,2025-2026,2025,early_ed,2,1.13,10.0
286,2025-2026,2025,special_ed,3,1.63,9.333333333333334
