school_id,year,enrollment,low_income,homeless,highly_capable,students_with_disabilities,english_language_learners
935,2022,476,157,16,38,85,56
935,2023,473,135,7,48,90,46
935,2015,485,145,9,0,75,33
935,2024,450,132,8,45,97,50
935,2018,483,129,7,6,73,40
935,2017,471,125,10,4,55,33
935,2019,491,129,18,6,80,48
935,2020,485,134,4,9,70,49
935,2014,503,170,3,0,91,41
935,2021,476,138,13,19,80,49
935,2016,471,125,8,0,69,34
930,2018,488,71,5,8,118,3
930,2019,494,71,3,9,111,5
930,2024,403,67,2,30,119,13
930,2022,465,72,3,30,120,11
930,2017,487,74,7,9,113,7
930,2014,506,125,10,0,134,13
930,2015,505,107,11,0,128,14
930,2023,451,71,3,30,118,13
930,2016,490,84,10,0,122,7
930,2021,468,64,2,22,108,7
930,2020,492,59,2,10,108,6
949,2015,671,72,5,0,139,4
949,2020,661,63,0,24,151,20
949,2022,657,68,0,68,151,5
949,2016,658,64,7,0,149,15
949,2021,664,78,0,35,149,16
949,2024,598,66,1,43,146,15
949,2023,634,67,0,62,133,13
949,2018,654,53,4,15,170,11
949,2019,675,73,9,15,173,19
949,2014,673,69,5,0,134,2
949,2017,656,54,9,13,158,9
24,2022,245,55,6,24,62,4
24,2024,165,24,1,19,50,2
24,2016,234,39,8,0,47,1
24,2014,275,46,4,0,59,0
24,2017,242,34,5,12,55,1
24,2018,245,27,0,18,47,0
24,2020,250,45,2,20,64,3
24,2019,253,37,1,23,60,2
24,2023,184,32,4,20,51,5
24,2015,270,56,6,0,51,1
24,2021,268,60,0,21,72,3
229,2020,352,40,0,6,46,21
229,2016,427,68,8,0,56,35
229,2014,301,50,7,0,39,11
229,2019,430,47,2,5,57,24
229,2018,447,53,5,4,64,29
229,2015,336,54,7,0,47,22
229,2023,323,99,8,13,76,41
229,2021,308,49,2,9,47,32
229,2022,328,75,2,12,54,41
229,2017,437,58,6,11,61,30
229,2024,368,137,16,14,82,58
234,2020,383,57,16,5,53,48
234,2016,499,64,13,0,54,44
234,2017,491,62,9,8,60,56
234,2022,272,67,11,11,60,41
234,2018,481,67,9,3,55,41
234,2015,500,72,15,0,52,29
234,2021,305,47,10,12,50,44
234,2024,287,90,9,6,65,49
234,2023,268,80,6,5,54,47
234,2014,521,78,18,0,58,13
234,2019,497,64,7,6,61,60
249,2019,269,130,23,10,30,35
249,2016,308,179,49,0,55,33
249,2024,227,99,30,2,45,20
249,2022,227,127,25,5,28,24
249,2014,300,180,36,0,49,20
249,2020,259,127,23,9,27,35
249,2017,237,126,36,6,36,29
249,2023,219,97,26,3,31,25
249,2018,251,123,22,8,34,33
249,2021,236,117,21,10,21,22
249,2015,301,187,40,0,53,33
205,2015,459,285,7,0,47,210
205,2020,388,211,11,9,41,137
205,2021,326,169,9,19,40,146
205,2016,423,259,17,0,42,164
205,2019,418,222,8,13,41,146
205,2018,411,227,3,9,37,148
205,2017,416,247,9,7,37,163
205,2023,349,171,17,21,54,149
205,2014,481,295,9,0,64,220
205,2024,350,177,24,25,46,154
205,2022,342,180,12,21,40,163
272,2015,336,121,22,0,50,27
272,2024,155,52,8,15,46,13
272,2019,231,76,12,10,45,21
272,2022,176,56,7,15,35,18
272,2018,247,75,14,10,45,14
272,2017,287,102,23,6,50,18
272,2023,152,49,7,18,38,14
272,2016,296,105,22,0,52,18
272,2014,365,139,16,0,48,51
272,2021,185,62,12,13,32,19
272,2020,193,57,1,12,34,16
241,2023,417,38,1,22,41,50
241,2024,422,36,1,34,46,45
241,2016,430,34,0,0,40,54
241,2018,468,41,2,28,37,76
241,2015,453,40,1,0,35,40
241,2021,443,37,0,35,47,68
241,2017,452,38,0,21,35,77
241,2019,466,38,1,28,47,79
241,2020,461,29,0,28,49,76
241,2014,469,41,3,0,29,23
241,2022,429,36,0,31,41,49
207,2021,254,181,10,11,35,91
207,2020,308,213,18,1,52,98
207,2023,281,205,30,11,49,110
207,2022,267,184,20,14,43,105
207,2018,329,257,12,0,56,107
207,2019,320,243,17,1,58,110
207,2014,409,351,29,0,42,177
207,2016,329,229,31,0,45,133
207,2017,315,244,37,0,42,122
207,2024,289,212,37,11,53,111
207,2015,361,282,19,0,41,148
211,2024,467,54,4,43,89,25
211,2015,545,78,6,0,79,41
211,2018,535,34,0,31,81,20
211,2021,446,34,1,33,67,20
211,2023,447,50,2,39,81,28
211,2014,502,80,5,0,70,51
211,2020,498,29,1,35,79,23
211,2022,454,44,0,46,78,25
211,2016,560,57,10,0,84,31
211,2017,560,47,13,33,85,31
211,2019,553,32,2,38,92,23
282,2022,363,31,1,11,70,12
282,2015,469,54,4,25,53,5
282,2016,477,42,4,21,44,17
282,2018,441,35,2,13,58,15
282,2021,395,34,2,12,66,11
282,2014,467,50,1,24,42,3
282,2024,346,30,3,19,75,13
282,2017,495,44,7,16,53,19
282,2023,342,27,2,14,73,13
282,2019,444,33,3,11,65,20
282,2020,417,31,3,14,63,13
221,2016,329,237,43,0,47,120
221,2018,378,283,49,0,76,146
221,2022,328,264,23,7,62,127
221,2015,349,255,37,0,55,126
221,2017,337,237,58,0,54,120
221,2014,313,255,17,0,45,81
221,2019,383,284,39,0,88,151
221,2023,323,250,30,3,67,115
221,2024,398,300,47,4,66,157
221,2021,304,226,15,7,49,139
221,2020,370,268,44,0,75,157
275,2024,324,227,25,5,82,128
275,2015,511,429,51,0,83,253
275,2018,435,355,41,0,81,195
275,2014,522,436,54,0,89,243
275,2016,489,414,43,0,75,203
275,2017,439,365,54,0,79,189
275,2023,327,232,26,7,76,139
275,2021,315,234,16,6,64,145
275,2020,382,293,26,0,76,155
275,2022,330,229,15,8,66,147
275,2019,435,354,45,0,82,183
244,2015,368,203,51,0,51,59
244,2017,402,201,72,12,48,53
244,2016,399,207,73,0,45,60
244,2021,311,148,20,12,46,40
244,2019,357,171,52,9,47,40
244,2014,384,206,33,0,39,57
244,2023,295,152,28,10,68,36
244,2018,376,185,43,11,52,49
244,2022,293,143,26,14,49,36
244,2020,336,170,34,9,44,49
244,2024,275,128,27,12,81,35
230,2017,362,53,11,11,57,8
230,2014,390,85,5,0,59,9
230,2018,341,46,9,8,56,9
230,2022,338,31,3,28,58,8
230,2024,342,35,2,36,69,16
230,2023,325,28,1,35,62,18
230,2015,366,72,11,0,52,13
230,2019,330,42,3,4,49,11
230,2020,324,32,3,8,49,8
230,2021,317,39,3,23,45,13
230,2016,363,61,16,0,51,10
201,2024,286,54,2,16,56,18
201,2020,431,47,5,11,53,24
201,2015,545,102,18,0,84,41
201,2019,500,61,6,13,68,30
201,2022,318,47,3,18,51,15
201,2021,359,36,2,12,55,22
201,2023,303,44,1,20,49,20
201,2018,536,71,13,13,73,36
201,2017,553,73,13,13,87,35
201,2014,536,108,13,0,69,43
201,2016,572,91,12,0,82,40
225,2019,401,60,11,4,52,25
225,2024,400,52,4,14,62,20
225,2023,381,57,3,8,52,17
225,2018,396,74,10,4,49,26
225,2022,372,57,6,8,41,14
225,2017,376,85,18,4,44,25
225,2014,405,141,16,0,60,43
225,2016,388,106,22,0,48,35
225,2015,430,142,17,0,63,37
225,2021,349,51,5,4,39,17
225,2020,363,56,13,4,41,24
212,2022,473,212,23,188,90,66
212,2017,572,204,31,299,74,56
212,2019,487,179,26,194,82,44
212,2015,533,163,16,319,62,55
212,2018,510,190,26,234,73,52
212,2024,501,197,32,213,97,85
212,2014,511,154,8,305,72,49
212,2016,551,170,25,316,67,61
212,2020,461,173,9,177,86,56
212,2023,469,200,14,182,105,72
212,2021,434,174,9,185,84,67
281,2014,520,49,2,0,77,7
281,2022,396,34,0,35,78,10
281,2018,539,40,5,27,83,15
281,2016,545,34,3,0,79,8
281,2023,380,26,2,25,89,8
281,2017,566,32,4,25,86,13
281,2015,532,48,2,0,73,6
281,2021,403,19,0,30,85,8
281,2019,538,43,3,28,101,12
281,2020,473,31,5,23,87,10
281,2024,355,30,1,30,69,8
256,2023,333,188,17,16,56,110
256,2017,358,249,23,3,41,127
256,2022,337,204,10,19,56,114
256,2024,327,190,18,12,61,101
256,2021,336,207,11,12,55,115
256,2020,369,238,4,5,42,128
256,2018,342,227,10,4,37,113
256,2019,331,212,9,4,38,117
256,2014,437,299,19,5,32,123
256,2016,400,292,32,1,42,139
256,2015,397,279,28,6,34,128
202,2018,368,54,4,8,58,22
202,2014,411,96,2,0,54,17
202,2023,271,39,3,18,58,10
202,2024,269,39,2,22,47,8
202,2019,359,41,3,9,59,18
202,2021,314,38,5,9,49,12
202,2022,297,35,0,10,48,13
202,2016,380,56,4,0,58,15
202,2017,373,69,5,4,63,17
202,2015,413,91,4,0,58,23
202,2020,324,37,2,9,49,16
13,2015,1306,978,81,0,136,240
13,2014,1342,963,61,0,154,255
13,2021,1284,871,35,33,158,280
13,2023,1241,718,56,52,178,329
13,2017,1284,916,118,9,146,236
13,2020,1240,809,54,13,148,265
13,2019,1238,835,37,12,149,243
13,2016,1240,920,110,0,130,219
13,2018,1232,840,45,11,142,235
13,2022,1222,804,22,44,158,288
13,2024,1280,734,93,57,194,376
243,2018,468,35,3,13,75,31
243,2019,413,27,4,16,64,21
243,2022,336,25,0,15,55,21
243,2023,325,30,1,11,42,20
243,2014,420,54,2,17,69,2
243,2021,333,23,0,19,51,13
243,2015,426,48,6,12,65,7
243,2016,443,36,8,11,70,23
243,2024,311,43,6,11,48,17
243,2017,453,31,10,10,69,25
243,2020,352,25,2,15,56,18
215,2023,287,179,17,5,48,134
215,2015,423,356,27,0,54,207
215,2016,386,309,20,0,41,205
215,2024,268,141,22,3,40,131
215,2018,378,279,28,3,43,166
215,2021,315,217,31,5,41,147
215,2019,344,249,28,1,48,148
215,2022,307,215,16,4,47,149
215,2014,446,367,28,0,65,198
215,2020,329,236,25,0,42,133
215,2017,381,293,28,2,38,176
248,2018,247,19,5,14,38,4
248,2016,282,25,7,0,44,8
248,2017,242,19,8,13,37,1
248,2015,275,24,1,0,39,3
248,2023,216,23,2,12,42,7
248,2020,226,18,3,10,29,11
248,2024,194,20,0,19,36,5
248,2021,224,24,7,7,31,11
248,2019,239,17,5,15,36,3
248,2014,286,31,5,0,39,0
248,2022,223,26,5,8,41,11
208,2014,721,446,41,2,141,150
208,2022,565,342,18,25,108,139
208,2017,585,355,36,6,115,140
208,2019,624,381,28,3,122,138
208,2016,669,403,48,5,113,164
208,2015,667,400,34,4,129,158
208,2020,633,384,14,11,115,136
208,2023,566,345,21,21,125,133
208,2024,581,338,39,23,121,167
208,2018,566,333,26,2,111,138
208,2021,562,355,8,21,107,133
11,2022,1586,192,8,174,233,38
11,2014,1671,291,36,0,188,45
11,2021,1685,188,11,189,224,37
11,2018,2018,216,17,201,227,49
11,2015,1700,259,40,0,197,30
11,2023,1648,195,12,193,244,41
11,2024,1706,223,17,241,245,56
11,2019,1843,170,12,201,207,39
11,2020,1755,162,16,197,213,33
11,2016,1853,252,34,0,199,47
11,2017,1932,238,36,130,224,49
19,2014,1014,375,23,0,175,62
19,2015,992,339,38,0,144,59
19,2021,1232,227,9,133,152,43
19,2019,1125,233,29,56,153,46
19,2017,1045,275,42,21,140,66
19,2020,1141,198,10,84,147,46
19,2022,1335,257,21,193,179,39
19,2016,993,313,38,0,143,52
19,2018,1031,232,23,31,129,48
19,2024,1486,275,19,269,216,47
19,2023,1394,267,13,229,200,45
262,2022,361,150,22,10,60,84
262,2016,494,194,23,0,42,101
262,2023,357,158,7,6,69,79
262,2018,440,169,11,15,47,80
262,2024,347,135,8,18,72,72
262,2021,365,132,19,8,58,81
262,2014,457,175,10,0,41,109
262,2017,448,159,17,12,41,75
262,2019,454,179,15,12,62,98
262,2015,455,180,16,0,40,111
262,2020,397,156,16,7,54,88
235,2014,403,329,14,0,69,126
235,2018,334,235,24,0,52,104
235,2022,308,183,18,6,44,87
235,2015,380,314,32,0,67,141
235,2019,334,220,26,1,46,106
235,2016,377,296,39,0,62,127
235,2023,285,157,14,1,44,77
235,2024,301,152,17,6,52,81
235,2017,334,247,32,0,48,113
235,2020,327,211,28,1,45,98
235,2021,296,176,15,7,39,85
17,2018,1940,213,24,210,173,55
17,2015,1714,244,41,0,163,35
17,2022,1533,238,10,191,179,52
17,2021,1580,207,6,201,175,45
17,2014,1723,251,28,0,184,45
17,2019,1822,174,23,221,159,46
17,2020,1709,159,19,237,164,37
17,2016,1743,222,40,0,156,44
17,2017,1868,208,36,154,155,44
17,2024,1561,288,8,205,201,75
17,2023,1533,240,20,203,198,64
14,2022,1628,664,60,406,169,120
14,2021,1680,636,36,487,161,113
14,2014,1620,618,101,428,112,107
14,2024,1509,631,99,313,156,160
14,2018,1778,557,66,662,148,106
14,2019,1786,562,77,611,145,101
14,2017,1857,588,156,672,142,82
14,2023,1643,637,92,369,187,141
14,2016,1760,621,133,567,137,89
14,2020,1734,592,92,583,160,109
14,2015,1713,648,127,510,131,101
226,2018,306,257,46,3,64,112
226,2020,314,244,41,2,53,107
226,2022,346,284,53,4,65,132
226,2023,362,309,40,7,67,120
226,2017,312,244,71,1,68,112
226,2019,339,274,64,2,63,113
226,2021,320,250,48,4,54,115
226,2014,351,310,61,0,63,162
226,2016,333,258,62,0,73,128
226,2015,317,262,52,0,64,131
226,2024,402,327,63,6,65,134
219,2014,451,381,76,0,76,171
219,2018,305,213,38,1,49,83
219,2019,323,221,25,1,33,112
219,2022,290,228,23,12,35,112
219,2023,248,205,28,9,53,104
219,2015,355,301,63,0,54,126
219,2016,342,272,68,0,40,124
219,2020,301,220,37,0,35,93
219,2024,261,205,40,6,80,107
219,2017,328,249,70,1,44,102
219,2021,248,179,41,10,37,85
255,2016,264,17,2,0,25,9
255,2015,265,19,3,0,28,10
255,2020,232,13,0,23,22,8
255,2024,172,18,2,22,33,7
255,2021,184,14,2,22,23,8
255,2017,269,17,4,14,29,9
255,2018,252,16,0,9,31,6
255,2023,168,16,2,16,25,3
255,2014,251,19,2,0,27,2
255,2019,250,13,0,17,31,8
255,2022,184,19,2,23,25,9
252,2019,537,286,9,7,75,193
252,2015,480,334,24,0,55,187
252,2024,403,206,6,29,80,145
252,2017,532,321,42,11,62,212
252,2018,546,319,23,14,70,214
252,2023,408,243,4,12,58,155
252,2020,490,271,6,4,65,187
252,2021,444,240,3,22,61,185
252,2022,434,246,8,19,67,173
252,2016,502,320,40,0,59,190
252,2014,468,318,15,0,48,170
105,2021,924,89,3,302,97,14
105,2015,1084,88,9,557,102,26
105,2023,900,99,9,271,114,32
105,2017,986,101,26,378,113,15
105,2018,1029,96,13,360,120,14
105,2020,1039,93,6,334,123,17
105,2019,1047,96,11,341,109,18
105,2014,938,89,9,423,92,16
105,2024,989,121,9,298,155,39
105,2016,1202,99,15,629,117,18
105,2022,926,114,6,317,118,30
209,2022,484,22,0,44,33,23
209,2016,595,32,6,0,40,26
209,2020,520,23,1,32,35,23
209,2015,591,35,5,0,43,20
209,2018,557,26,2,36,46,21
209,2024,476,26,1,51,38,13
209,2023,482,24,1,47,38,20
209,2021,450,24,0,43,28,24
209,2017,585,25,4,30,44,26
209,2014,588,36,4,0,42,9
209,2019,582,30,1,29,43,29
12,2015,842,579,37,0,85,72
12,2019,916,531,25,11,92,76
12,2024,877,438,20,107,93,104
12,2016,859,549,49,0,79,65
12,2023,890,471,28,91,83,111
12,2020,921,502,20,14,87,74
12,2017,871,539,51,9,84,81
12,2021,908,519,18,39,79,80
12,2014,831,585,28,0,87,64
12,2022,902,514,24,79,91,85
12,2018,889,516,27,9,81,77
107,2024,1019,174,13,152,169,38
107,2019,988,154,13,174,140,30
107,2022,980,198,7,186,149,46
107,2014,766,254,22,17,86,43
107,2018,951,171,21,145,121,34
107,2016,866,239,38,53,114,36
107,2015,777,247,23,29,102,34
107,2017,882,206,32,96,133,38
107,2021,969,187,4,157,142,30
107,2020,1023,179,13,185,156,33
107,2023,1020,169,7,153,163,40
242,2015,432,94,7,0,52,43
242,2018,341,102,8,7,37,44
242,2023,275,94,7,11,61,46
242,2024,272,82,5,11,54,43
242,2017,354,88,6,4,49,36
242,2020,271,83,5,12,37,25
242,2016,401,108,9,0,50,37
242,2014,423,81,5,0,59,15
242,2021,242,73,3,11,55,24
242,2019,308,90,8,8,42,34
242,2022,273,90,4,14,62,41
204,2016,427,57,13,0,63,30
204,2022,322,62,5,16,69,32
204,2015,432,67,3,0,64,27
204,2020,369,41,14,5,67,33
204,2018,403,48,8,4,65,35
204,2019,389,56,16,6,58,34
204,2014,426,75,7,0,67,10
204,2021,322,56,6,14,59,28
204,2017,425,53,13,11,60,36
204,2024,337,87,20,20,72,53
204,2023,317,69,13,24,73,45
246,2021,477,49,0,22,65,16
246,2016,411,27,8,0,41,4
246,2019,462,35,6,13,71,14
246,2015,427,36,8,0,27,5
246,2022,502,53,1,16,74,13
246,2023,534,56,4,24,81,16
246,2017,398,33,8,13,61,8
246,2024,528,60,4,23,84,15
246,2018,448,33,5,13,64,7
246,2020,470,37,6,14,78,15
246,2014,450,41,3,0,31,3
236,2016,484,418,49,0,88,189
236,2020,415,344,13,3,62,130
236,2015,463,404,36,0,91,183
236,2014,483,421,27,0,103,168
236,2022,384,316,11,11,73,114
236,2023,389,308,17,11,85,104
236,2018,460,411,16,0,79,161
236,2019,431,369,14,0,78,140
236,2017,464,405,24,0,82,184
236,2024,377,310,22,10,81,93
236,2021,357,299,8,9,55,111
277,2015,591,57,10,34,66,36
277,2021,351,38,1,33,58,22
277,2016,571,53,6,37,66,38
277,2020,420,37,1,31,63,24
277,2022,303,34,0,29,49,17
277,2018,514,42,3,26,59,36
277,2024,294,32,4,29,57,17
277,2023,283,35,1,24,49,10
277,2017,550,44,6,35,72,29
277,2019,473,41,4,24,68,35
277,2014,584,40,5,31,53,21
104,2021,1055,179,6,82,146,41
104,2019,1088,162,11,33,172,45
104,2015,906,133,21,48,92,20
104,2016,980,130,25,47,106,18
104,2023,1024,156,19,180,147,40
104,2024,1028,161,16,200,135,51
104,2017,966,137,29,49,126,23
104,2014,882,152,22,30,103,28
104,2020,1118,171,13,53,160,43
104,2022,1047,171,11,177,147,40
104,2018,1037,128,7,33,142,31
203,2024,504,123,5,25,104,20
203,2015,404,124,16,4,91,26
203,2016,469,132,13,1,86,39
203,2022,514,110,4,12,93,24
203,2023,514,116,5,20,103,25
203,2018,584,130,10,2,106,43
203,2014,354,127,6,5,84,19
203,2021,529,96,1,12,90,33
203,2020,556,93,4,7,95,34
203,2017,517,135,17,1,99,45
203,2019,594,121,7,6,107,44
239,2023,505,83,9,34,84,32
239,2014,505,135,8,23,52,15
239,2018,420,59,2,8,66,18
239,2016,464,109,9,17,60,24
239,2022,476,77,4,25,76,28
239,2024,533,87,8,46,103,28
239,2019,435,72,10,4,68,17
239,2017,407,66,6,13,56,15
239,2020,429,73,4,7,65,21
239,2015,485,121,9,16,54,18
239,2021,457,81,7,16,72,21
289,2019,629,36,3,16,74,21
289,2024,442,30,1,26,108,9
289,2018,759,60,4,14,93,35
289,2021,466,27,0,18,63,19
289,2015,738,54,7,0,102,21
289,2023,441,35,4,23,89,14
289,2020,533,20,0,12,67,21
289,2016,770,60,12,0,109,31
289,2014,679,63,4,0,94,16
289,2022,454,29,0,28,83,20
289,2017,782,54,7,21,103,36
103,2015,865,640,71,11,168,133
103,2016,823,591,79,11,182,155
103,2024,724,428,36,30,160,166
103,2019,838,571,57,7,178,155
103,2022,813,493,29,34,168,175
103,2017,834,604,90,9,195,170
103,2014,912,627,73,12,168,130
103,2023,715,428,32,34,157,176
103,2018,868,626,70,5,204,164
103,2021,856,531,10,19,159,187
103,2020,871,562,64,15,188,157
266,2017,349,143,36,4,55,65
266,2022,257,106,24,10,45,59
266,2015,389,170,32,0,55,71
266,2021,267,101,23,7,36,50
266,2020,289,121,14,6,34,49
266,2019,324,133,32,6,38,56
266,2023,188,85,27,5,40,53
266,2018,343,139,34,4,49,66
266,2024,248,149,34,2,49,104
266,2016,366,145,36,0,48,70
266,2014,352,143,17,0,48,44
261,2022,501,278,23,15,84,133
261,2024,486,260,38,17,116,130
261,2023,486,266,33,13,112,119
261,2020,501,294,13,4,80,144
261,2015,318,247,27,0,52,115
261,2016,389,295,30,0,60,117
261,2014,344,259,27,0,58,112
261,2018,498,324,29,2,84,147
261,2021,505,271,13,14,80,152
261,2017,427,296,30,2,67,130
261,2019,504,304,39,3,88,143
276,2020,352,122,13,3,54,53
276,2018,375,128,10,2,68,62
276,2022,273,126,15,5,47,57
276,2024,290,124,20,6,37,53
276,2014,364,180,19,0,55,82
276,2019,383,142,12,2,73,54
276,2023,267,100,12,8,42,49
276,2015,394,192,24,0,65,91
276,2021,284,112,8,2,51,59
276,2017,416,166,20,1,85,86
276,2016,389,173,27,0,81,79
279,2023,355,38,5,19,41,35
279,2019,463,30,1,19,55,25
279,2018,476,33,1,17,56,23
279,2017,485,42,2,19,51,27
279,2022,359,38,2,19,40,23
279,2014,458,44,1,18,35,18
279,2016,473,49,2,15,42,19
279,2015,479,45,1,22,45,28
279,2020,410,27,1,21,41,24
279,2021,393,35,1,28,48,21
279,2024,333,42,4,12,41,23
257,2022,209,142,7,3,40,62
257,2023,233,142,3,5,48,67
257,2019,254,179,29,1,46,67
257,2014,240,198,12,0,42,85
257,2018,245,176,25,1,41,66
257,2021,204,140,9,8,36,55
257,2017,292,225,56,1,50,87
257,2016,318,245,70,0,39,98
257,2015,277,203,18,0,44,91
257,2020,213,156,10,1,40,62
257,2024,264,144,10,6,58,69
268,2019,252,67,9,1,72,24
268,2015,259,83,7,0,86,24
268,2022,217,62,4,6,68,19
268,2023,229,78,8,7,91,23
268,2017,255,72,10,0,82,25
268,2014,267,85,3,0,75,13
268,2020,217,54,3,2,60,23
268,2021,179,46,0,7,60,20
268,2024,220,71,3,8,83,19
268,2016,268,73,5,0,92,30
268,2018,248,76,8,0,73,30
110,2019,1115,672,41,30,141,197
110,2024,755,451,36,61,106,234
110,2021,986,620,15,72,145,214
110,2020,1173,708,49,48,159,213
110,2015,1101,795,65,12,136,187
110,2014,1077,779,49,4,137,207
110,2017,1136,746,102,20,139,192
110,2023,752,501,36,57,118,222
110,2022,863,579,31,63,135,227
110,2016,1176,809,89,18,155,172
110,2018,1146,719,58,20,153,189
18,2016,1086,728,82,0,183,151
18,2020,1135,717,51,15,207,193
18,2024,1187,623,33,59,206,255
18,2018,1059,695,67,15,191,168
18,2023,1204,671,29,41,228,222
18,2014,1223,753,66,0,224,176
18,2022,1292,812,50,30,235,249
18,2015,1173,792,88,0,209,155
18,2019,1090,706,59,13,202,185
18,2017,1064,704,90,14,187,157
18,2021,1204,806,15,21,242,218
267,2016,349,274,43,0,60,106
267,2023,273,188,15,2,58,65
267,2019,300,206,17,1,46,63
267,2022,282,190,18,6,42,57
267,2024,291,180,17,2,63,62
267,2014,422,332,25,0,83,135
267,2015,354,299,31,0,62,114
267,2018,315,229,22,0,51,70
267,2021,280,194,8,6,32,50
267,2020,277,175,16,2,42,60
267,2017,327,254,34,0,52,84
259,2016,328,26,7,0,60,5
259,2019,402,34,4,6,88,22
259,2020,367,32,1,10,79,17
259,2023,367,44,2,27,75,16
259,2014,301,35,11,0,42,3
259,2022,344,42,1,24,65,20
259,2017,338,24,5,4,59,9
259,2021,357,37,1,18,68,17
259,2018,382,20,1,5,71,16
259,2024,346,49,1,17,77,15
259,2015,301,31,6,0,50,4
20,2015,1233,369,51,281,154,90
20,2016,1345,410,85,344,183,98
20,2017,1388,390,89,384,175,115
20,2018,1397,401,30,403,169,124
20,2019,1489,436,46,389,193,142
20,2024,1398,437,26,240,271,179
20,2023,1419,417,18,243,280,157
20,2021,1462,452,37,300,231,141
20,2014,1233,384,40,249,154,77
20,2020,1483,435,55,328,204,141
20,2022,1454,475,24,274,247,149
115,2018,573,95,6,9,83,24
115,2017,566,104,15,11,71,26
115,2022,680,102,0,97,99,23
115,2016,855,269,48,9,119,77
115,2019,636,109,17,14,106,24
115,2020,663,96,11,30,120,27
115,2023,661,107,3,75,93,19
115,2021,672,101,4,54,117,21
115,2014,906,270,38,10,131,52
115,2015,861,270,50,10,119,56
115,2024,634,109,2,69,109,19
21,2017,747,609,111,1,132,184
21,2018,763,609,54,1,141,181
21,2022,819,660,32,19,125,209
21,2016,695,581,106,0,115,159
21,2015,671,547,103,0,124,155
21,2024,855,584,57,20,131,252
21,2020,781,609,56,1,142,215
21,2023,767,612,32,19,115,210
21,2014,599,457,92,0,125,133
21,2019,755,588,50,1,142,201
21,2021,840,657,38,10,137,216
220,2018,322,190,16,0,53,119
220,2021,267,151,16,9,42,98
220,2019,330,192,9,3,48,124
220,2015,352,249,21,0,55,135
220,2017,358,229,39,0,56,129
220,2023,242,113,6,4,51,79
220,2024,266,126,17,11,61,90
220,2020,299,169,6,3,45,116
220,2016,352,245,35,0,56,126
220,2022,268,147,3,6,48,106
220,2014,382,261,20,0,59,149
264,2015,230,183,15,0,30,58
264,2024,168,94,15,12,17,61
264,2018,242,178,20,0,24,72
264,2023,200,113,7,15,19,66
264,2014,195,140,14,0,33,50
264,2016,225,180,16,0,20,49
264,2019,245,177,16,1,16,65
264,2020,241,169,16,2,11,66
264,2017,240,186,18,0,20,62
264,2021,221,148,8,11,14,61
264,2022,241,152,13,16,14,80
270,2017,718,71,3,3,88,14
270,2021,543,50,0,8,104,18
270,2020,591,50,2,9,108,19
270,2019,651,56,2,3,106,25
270,2015,640,82,7,0,54,10
270,2024,456,50,1,12,100,20
270,2018,678,65,1,4,90,17
270,2023,482,53,0,9,89,24
270,2014,607,63,2,0,53,6
270,2022,521,46,4,9,98,22
270,2016,691,75,7,0,70,9
288,2014,427,250,11,0,40,153
288,2024,420,204,25,23,101,102
288,2015,429,249,15,0,44,144
288,2019,435,196,13,6,70,126
288,2018,439,219,16,3,58,128
288,2016,425,232,9,0,51,140
288,2020,426,194,9,8,79,121
288,2023,415,210,19,23,102,106
288,2017,444,222,22,4,53,137
288,2022,379,181,14,22,84,110
288,2021,367,169,11,23,72,118
22,2015,1178,400,50,0,206,73
22,2016,1176,393,56,0,203,80
22,2017,1228,417,74,22,207,103
22,2020,1150,373,53,33,181,103
22,2023,1101,374,24,69,208,111
22,2018,1202,393,38,29,194,111
22,2019,1153,342,50,27,172,108
22,2024,1060,418,41,69,189,141
22,2022,1100,428,18,56,177,106
22,2021,1118,404,21,32,171,98
22,2014,1165,380,44,0,217,76
118,2022,430,81,6,25,73,21
118,2019,536,101,17,7,98,18
118,2021,437,74,9,7,72,15
118,2017,540,74,18,14,85,15
118,2020,484,87,10,6,91,20
118,2023,461,98,9,26,84,36
118,2016,531,89,22,15,85,20
118,2024,475,109,15,24,77,32
118,2018,537,78,12,11,101,14
118,2015,547,110,25,18,85,27
118,2014,537,105,18,16,84,25
222,2016,523,77,15,166,76,30
222,2020,478,86,9,75,87,27
222,2018,534,77,14,123,85,32
222,2023,392,89,4,33,81,30
222,2022,428,90,8,56,84,26
222,2024,357,82,11,17,74,30
222,2019,522,84,8,102,80,30
222,2017,546,78,13,171,88,31
222,2021,437,91,4,70,88,29
222,2015,481,64,10,162,74,20
222,2014,383,46,5,126,45,16
286,2019,312,241,17,0,49,126
286,2024,334,252,47,8,61,98
286,2017,337,267,22,0,55,133
286,2015,359,300,23,0,49,153
286,2018,331,258,15,0,57,144
286,2020,307,237,15,8,40,108
286,2023,315,243,40,7,56,88
286,2016,356,296,18,0,45,141
286,2022,313,230,14,18,62,106
286,2014,349,283,10,0,45,131
286,2021,306,212,15,23,52,109
273,2017,236,161,31,0,38,61
273,2021,170,105,7,1,41,56
273,2022,174,115,9,3,36,66
273,2020,195,109,13,1,43,64
273,2014,281,202,32,0,47,69
273,2023,171,127,13,3,27,59
273,2018,218,143,22,0,37,56
273,2024,146,98,7,4,27,51
273,2015,273,197,39,0,44,57
273,2016,257,172,45,0,41,49
273,2019,218,133,19,1,44,69
245,2023,389,295,92,2,81,122
245,2019,295,204,50,2,80,60
245,2014,296,159,37,0,96,42
245,2020,279,195,62,1,79,63
245,2018,291,204,45,1,83,66
245,2021,287,198,60,3,73,60
245,2015,341,208,51,2,85,78
245,2022,331,232,92,8,80,75
245,2024,393,295,96,3,84,152
245,2017,375,252,84,2,102,90
245,2016,349,220,63,1,82,86
218,2019,409,68,3,11,68,28
218,2022,389,64,3,17,58,34
218,2021,406,75,9,12,58,43
218,2016,290,85,16,5,41,29
218,2024,395,72,5,33,68,25
218,2020,397,65,6,6,62,34
218,2023,414,70,5,24,66,25
218,2014,324,108,15,4,51,43
218,2015,283,98,20,0,37,38
218,2017,303,72,18,10,51,20
218,2018,345,69,6,11,68,18
130,2019,657,507,53,2,118,147
130,2021,718,520,33,15,123,182
130,2014,728,603,62,1,108,170
130,2023,785,485,29,60,122,212
130,2018,663,520,29,2,132,144
130,2015,721,599,72,1,107,171
130,2017,685,548,80,3,119,144
130,2022,772,509,26,39,142,205
130,2016,737,608,79,1,118,176
130,2020,720,537,41,2,125,178
130,2024,818,477,47,60,122,245
251,2018,343,223,15,6,40,108
251,2023,328,199,6,13,37,130
251,2015,370,304,27,0,37,127
251,2014,368,310,20,0,31,127
251,2017,369,265,20,5,42,128
251,2020,321,187,4,5,31,127
251,2019,348,208,10,7,38,121
251,2016,373,282,27,0,35,141
251,2022,323,179,3,12,28,127
251,2024,340,176,7,22,44,128
251,2021,306,169,6,14,33,120
23,2016,337,104,28,0,89,2
23,2014,340,103,14,0,78,3
23,2023,260,80,9,23,95,8
23,2024,258,88,13,25,92,4
23,2019,212,59,18,7,64,1
23,2015,344,118,22,0,84,4
23,2018,266,77,14,6,80,0
23,2021,230,72,5,17,65,3
23,2017,312,93,21,10,83,0
23,2020,227,79,11,11,69,4
23,2022,285,91,8,26,86,7
955,2022,109,51,0,5,37,16
955,2018,175,96,7,0,52,25
955,2017,164,87,15,0,49,19
955,2023,119,48,0,5,51,14
955,2015,131,81,11,0,44,18
955,2024,92,31,1,1,45,8
955,2021,100,52,4,2,23,19
955,2016,130,75,12,0,46,17
955,2019,164,93,10,0,41,38
955,2020,132,80,5,0,33,28
955,2014,116,68,8,0,25,13
977,2024,404,64,7,14,91,33
977,2022,456,50,1,12,88,33
977,2019,580,39,4,8,110,12
977,2018,605,43,2,8,123,19
977,2021,478,55,0,14,89,36
977,2016,483,39,5,0,92,14
977,2015,416,27,2,0,80,7
977,2017,545,34,2,7,108,16
977,2020,574,46,1,10,105,21
977,2014,402,34,2,0,73,2
977,2023,455,69,7,15,98,36
117,2022,556,361,17,142,87,117
117,2020,601,296,40,243,79,94
117,2014,1138,547,83,355,140,117
117,2023,552,335,43,110,97,129
117,2016,1090,503,119,369,122,105
117,2017,712,294,72,363,86,70
117,2015,1080,507,99,350,117,106
117,2018,669,267,29,366,77,54
117,2021,553,323,12,174,81,100
117,2019,606,243,38,309,80,62
117,2024,567,334,49,109,99,137
939,2023,357,168,19,9,51,62
939,2020,424,157,21,5,45,43
939,2016,372,124,18,0,41,31
939,2014,477,148,9,0,64,17
939,2021,395,142,8,20,46,50
939,2017,391,122,7,2,51,28
939,2015,414,122,15,0,52,22
939,2022,399,177,12,19,37,71
939,2019,406,121,12,4,43,34
939,2024,278,109,10,12,40,53
939,2018,397,114,9,2,45,30
291,2018,584,393,41,1,91,122
291,2015,674,447,41,0,94,145
291,2021,560,378,24,25,93,124
291,2019,596,392,39,4,90,124
291,2016,663,462,55,0,93,148
291,2023,570,379,39,21,122,125
291,2017,578,390,40,1,83,130
291,2024,546,353,38,21,115,119
291,2022,602,421,48,28,99,136
291,2014,691,449,34,0,94,138
291,2020,602,397,40,3,95,118
233,2018,403,195,29,13,46,82
233,2015,391,253,39,14,40,93
233,2024,394,103,20,49,67,57
233,2016,385,229,27,13,45,87
233,2019,430,191,40,11,41,88
233,2017,407,223,41,16,47,88
233,2023,375,98,17,38,55,53
233,2020,420,162,13,11,43,60
233,2022,363,118,17,33,46,58
233,2021,370,115,16,35,49,53
233,2014,365,245,23,10,34,101
292,2015,757,168,27,46,80,44
292,2021,709,128,4,40,104,77
292,2019,730,122,1,49,113,71
292,2023,732,165,3,53,106,89
292,2016,711,156,28,43,82,41
292,2017,736,159,22,52,104,60
292,2022,720,160,0,57,100,91
292,2018,738,141,9,53,112,65
292,2020,747,141,6,46,98,78
292,2014,713,184,18,42,83,64
292,2024,663,152,4,30,115,77
247,2014,408,26,1,0,31,3
247,2016,457,18,3,0,39,31
247,2021,454,18,0,17,40,99
247,2020,473,10,0,17,38,84
247,2023,475,31,0,40,49,75
247,2018,480,13,1,17,38,51
247,2024,443,27,1,41,44,62
247,2019,478,8,0,15,39,70
247,2017,464,14,3,15,42,39
247,2022,458,31,0,31,46,85
247,2015,453,23,3,0,36,15
974,2016,418,33,7,0,61,8
974,2023,215,35,0,8,53,13
974,2015,425,33,3,0,58,8
974,2020,226,18,1,8,29,10
974,2018,292,25,5,6,41,13
974,2017,352,30,4,15,56,12
974,2024,179,21,0,8,48,8
974,2021,489,153,8,34,94,67
974,2022,205,29,7,5,35,9
974,2014,399,34,3,0,49,1
974,2019,222,18,1,6,29,13
269,2024,173,103,6,1,44,37
269,2021,214,109,3,2,51,36
269,2019,221,107,26,1,43,42
269,2015,275,119,16,0,60,52
269,2017,216,98,13,3,35,46
269,2014,275,113,19,0,44,84
269,2022,185,105,11,4,35,35
269,2023,213,118,13,5,54,37
269,2016,238,100,17,0,54,50
269,2018,210,101,6,1,45,36
269,2020,230,100,15,1,49,39
972,2024,438,163,4,27,96,55
972,2023,457,159,5,33,88,46
972,2021,498,166,4,18,92,54
972,2020,545,193,13,12,96,66
972,2016,493,136,14,0,76,36
972,2014,354,105,3,0,47,18
972,2019,556,180,13,9,88,58
972,2015,402,122,8,0,53,28
972,2022,483,173,6,27,91,57
972,2017,557,153,20,10,91,38
972,2018,557,156,18,8,102,46
971,2022,503,54,2,474,54,3
971,2014,686,28,2,680,49,1
971,2016,754,30,5,753,73,6
971,2020,514,35,0,498,63,5
971,2023,489,56,3,452,75,1
971,2019,524,27,1,506,56,4
971,2018,512,14,3,0,46,2
971,2024,565,60,3,533,74,2
971,2017,525,22,3,524,51,5
971,2021,498,33,0,475,48,11
971,2015,754,32,5,0,60,6
106,2017,915,238,41,331,108,62
106,2022,886,319,22,276,161,93
106,2020,1006,312,51,346,162,97
106,2021,965,310,27,325,150,87
106,2016,928,263,40,328,117,66
106,2024,830,298,34,163,142,126
106,2018,935,267,28,347,132,73
106,2015,825,246,33,291,104,70
106,2014,728,236,23,259,97,49
106,2019,998,300,52,360,161,94
106,2023,840,298,33,215,139,111
109,2019,515,250,53,11,88,30
109,2017,491,235,53,8,89,44
109,2022,505,257,47,37,84,61
109,2023,479,244,35,39,75,80
109,2024,508,251,42,51,96,84
109,2018,496,234,42,6,84,39
109,2021,499,255,23,29,91,59
109,2020,485,244,60,14,94,40
113,2024,729,241,30,213,138,89
113,2020,769,204,15,208,143,58
113,2023,674,208,13,204,142,62
113,2017,715,196,35,258,90,44
113,2021,689,208,11,171,127,58
113,2019,810,201,25,230,135,55
113,2022,677,208,15,203,137,62
113,2018,838,234,25,247,136,68
210,2024,255,85,2,18,30,38
210,2019,185,37,2,1,17,22
210,2017,91,24,2,2,6,6
210,2022,243,60,3,15,21,30
210,2020,223,44,4,5,14,22
210,2021,224,48,1,12,13,19
210,2018,153,33,2,1,10,6
210,2023,272,75,3,15,26,34
287,2017,242,4,0,242,32,2
287,2020,212,7,1,212,15,1
287,2019,231,7,0,231,25,3
287,2023,188,12,1,188,24,2
287,2021,200,4,1,200,17,4
287,2024,190,13,1,190,24,1
287,2018,245,7,0,245,27,1
287,2022,209,9,1,209,25,1
250,2024,352,51,4,17,75,25
250,2019,276,33,7,3,35,26
250,2022,353,42,9,9,62,25
250,2021,336,37,0,9,55,30
250,2023,338,52,5,12,79,21
250,2020,288,35,4,8,35,25
15,2019,590,42,3,188,57,15
15,2022,1653,196,16,643,165,43
15,2024,1780,206,25,723,207,46
15,2023,1707,192,28,678,181,54
15,2021,1387,164,10,475,155,23
15,2020,978,83,8,327,95,13
