school_code,school_and_district,Parsed Name
2138,Adams Elementary School - Seattle,Adams Elementary
3774,Aki Kurose Middle School - Seattle,Aki urose
2181,Alki Elementary School - Seattle,Alki Elementary
2730,Arbor Heights Elementary School - Seattle,Arbor Heights Elementary
3717,B F Day Elementary School - Seattle,B.F. ay Elementary
2307,Bailey Gatzert Elementary School - Seattle,Bailey Gatzert Elementary
2220,Ballard High School - Seattle,Ballard igh School
2070,Beacon Hill International School - Seattle,Beacon ill Intl. Elementary
5048,Birth to 3 Contracts - Seattle,Bryant Elementary
5406,Bridges Transition - Seattle,
2209,Broadview-Thomson K-8 School - Seattle,Broadview Thomson K-8
2372,Bryant Elementary School - Seattle,
1751,Cascade Parent Partnership Program - Seattle,Cascade K-12 Parent Partnership
5649,Cascade Parent Partnership Program - Seattle,
5292,Cascadia Elementary - Seattle,Cascadia Elementrary
2838,Catharine Blaine K-8 School - Seattle,Catharine Blaine K-8
5487,Cedar Park Elementary School - Seattle,Cedar Park Elementary
3096,Chief Sealth International High School - Seattle,Chief Sealth Intl. igh School
2392,Cleveland High School STEM - Seattle,Cleveland STE
2199,Concord International School - Seattle,Concord Intl. Elementary
2450,Daniel Bagley Elementary School - Seattle,aniel Bagley Elementary
2839,David T. Denny International Middle School - Seattle,enny Intl.
3803,Dearborn Park International School - Seattle,Dearborn Park Intl. Elementary
5488,Decatur Elementary School - Seattle,ecatur Elementary
1002,District Office -  Seattle School District 001,
2321,Dunlap Elementary School - Seattle,unlap Elementary
2729,Eckstein Middle School - Seattle,Eckstein Middle School
2118,Emerson Elementary School - Seattle,Emerson Elementary
3518,Fairmount Park Elementary School - Seattle,Fairmount Park Elementary
2182,Franklin High School - Seattle,Franklin igh School
2090,Frantz Coe Elementary School - Seattle,Franz Coe Elementary
2306,Garfield High School - Seattle,arfield igh School
2139,Gatewood Elementary School - Seattle,Gatewood Elementary
3429,Genesee Hill Elementary - Seattle,enesse ill Elementary
3378,Graham Hill Elementary School - Seattle,raham ill Elementary
2061,Green Lake Elementary School - Seattle,reen ake Elementary
2123,Greenwood Elementary School - Seattle,Greenwood Elementary
2371,Hamilton International Middle School - Seattle,amilton Intl.
4248,Hawthorne Elementary School - Seattle - Seattle,awthorne Elementary
5175,Hazel Wolf K-8 - Seattle,Hazel Wolf STEM K-8
2269,Highland Park Elementary School - Seattle,ighland Park Elementary
4277,Hutch School - Seattle,
3276,Ingraham High School - Seattle,ngraham igh School
3496,Interagency Detention School - Seattle,
5405,Interagency Open Doors - Seattle,
1635,Interagency Programs - Seattle,nteragency
5351,Jane Addams Middle School - Seattle,Jane Addams Middle School
2063,John Hay Elementary School - Seattle,John Hay Elementary
2143,John Muir Elementary School - Seattle,John
2975,John Rogers Elementary School - Seattle,John Rogers Elementary
2081,John Stanford International School - Seattle,John Stanford Elementary
3478,Kimball Elementary School - Seattle,Kimball Elementary
2733,Lafayette Elementary School - Seattle,Lafayette Elementary
2437,Laurelhurst Elementary School - Seattle,Laurelhurst Elementary
2183,Lawton Elementary School - Seattle,awton Elementary
2121,Leschi Elementary School - Seattle,Leschi Elementary
3874,Licton Springs K-8 - Seattle,Licton Springs K-8
5566,Lincoln High School - Seattle,Lincoln igh School
5276,Louisa Boren STEM K-8 - Seattle,Louisa Boren STEM K-8
3714,Lowell Elementary School - Seattle,owell Elementary
2462,Loyal Heights Elementary School - Seattle,Loyal eights Elementary
2435,Madison Middle School - Seattle,adison
2069,Madrona K-5 School - Seattle,Madrona K-5
5565,Magnolia Elementary - Seattle,agnolia Elementary
2353,Maple Elementary School - Seattle,aple Elementary
2089,Martin Luther King Jr. Elementary School - Seattle,Martin Luther King Jr. Elementary
3517,McClure Middle School - Seattle,cClure
5203,McDonald International School - Seattle,c onald Intl. Elementary
2201,McGilvra Elementary School - Seattle,c ilvra Elementary
5485,Meany Middle School - Seattle,eany
3095,Mercer International Middle School - Seattle,ercer Intl.
1547,Middle College High School - Seattle,Middle College High School
2322,Montlake Elementary School - Seattle,Montlake Elementary
3479,Nathan Hale High School - Seattle,Nathan ale igh School
3218,North Beach Elementary School - Seattle,North Beach Elementary
3027,Northgate Elementary School - Seattle,Northgate Elementary
3868,Nova High School - Seattle,Nova High School
2976,Olympic Hills Elementary School - Seattle,lympic ills Elementary
2256,Olympic View Elementary School - Seattle,lympic View Elementary
4065,Orca K-8 School - Seattle,rca K-8
1620,Pathfinder K-8 School - Seattle,Pathfinder K-8
5046,Private School Services - Seattle,
5204,Queen Anne Elementary - Seattle,Queen Anne Elementary
3327,Rainier Beach High School - Seattle,Rainier Beach igh School
3380,Rainier View Elementary School - Seattle,Rainier View Elementary
4263,Residential Consortium - Seattle,
2120,Rising Star Elementary School - Seattle,Rising Star Academy
5486,Robert Eagle Staff Middle School - Seattle,Robert Eagle Staff Middle School
2285,Roosevelt High School - Seattle,Roosevelt igh School
3157,Roxhill Elementary School - Seattle,Roxhill Elementary
3028,Sacajawea Elementary School - Seattle,Sacajawea Elementary
1796,Salmon Bay K-8 School - Seattle,Salmon Bay K-8
5205,Sand Point Elementary - Seattle,Sand Point Elementary
3665,Sanislo Elementary School - Seattle,Sanislo Elementary
5260,Seattle Skills Center - Seattle,Skills Center
1596,Seattle World School - Seattle,Seattle World School
3778,South Lake High School - Seattle,Alan T. Sugiyama High School
4218,South Shore PK-8 School - Seattle,South Shore K-8
2080,Stevens Elementary School - Seattle,Stevens Elementary
1856,The Center School - Seattle,Center School
3974,Thornton Creek Elementary School - Seattle,Thornton Creek Elementary
2141,Thurgood Marshall Elementary - Seattle,Thurgood
1579,Tops K-8 School - Seattle,T PS K-8
2667,View Ridge Elementary School - Seattle,View Ridge Elementary
2977,Viewlands Elementary School - Seattle,Viewlands Elementary
4064,Washington Middle School - Seattle,Washington
3026,Wedgwood Elementary School - Seattle,edgwood Elementary
2645,West Seattle Elementary School - Seattle,West Seattle Elementary
2234,West Seattle High School - Seattle,West Seattle igh School
2142,West Woodland Elementary School - Seattle,West Woodland Elementary
3277,Whitman Middle School - Seattle,Whitman
2092,Whittier Elementary School - Seattle,Whittier Elementary
3581,Wing Luke Elementary School - Seattle,Wing Luke Elementary
