ms_name,pathway_2025map,pathway_2023_2025,pathway_2017_2022
Aki Kurose,Washington,Washington,Washington
Denny Int'l,Madison,Washington,Madison
Eckstein,Jane Addams,Jane Addams,Jane Addams
Hamilton Int'l,Hamilton,Hamilton,Hamilton
Jane Addams,Jane Addams,Jane Addams,Jane Addams
Madison,Madison,Washington,Madison
McClure,Hamilton,Hamilton,Hamilton
Meany,Washington,Washington,Washington
Mercer Int'l,Washington,Washington,Washington
Robert Eagle Staff,Robert Eagle Staff,Robert Eagle Staff,Robert Eagle Staff
Washington,Washington,Washington,Washington
Whitman,Robert Eagle Staff,Robert Eagle Staff,Robert Eagle Staff
